,HadGEM3-GC31-HH_control,HadGEM3-GC31-HH_historical,EC-Earth3P-HR_control,EC-Earth3P-HR_historical,CNRM-CM6-1-HR_control,CNRM-CM6-1-HR_historical,CMCC-CM2-VHR4_control,CMCC-CM2-VHR4_historical,MPI-ESM1-2-HR_control,MPI-ESM1-2-HR_historical,MPI-ESM1-2-XR_control,MPI-ESM1-2-XR_historical,eORCA025_ERA5,eORCA025_JRA55,EN4,ORAS5
1976-01-31,,,,,,,,,,,,,,,,
1976-02-29,,,,,,,,,,,,,,,,
1976-03-31,-1.5820268268017956,-0.004967605216111716,0.6462434319290492,-0.8684806942968324,0.25374132680144973,0.3378942353556154,0.5577079680278517,-0.6142664496157789,1.0577797798064548,2.570041147791763,-0.13179478187715765,-1.1688498091443114,-0.6983848611513773,-0.8273091117540995,-0.48292531656024223,-1.474532587696012
1976-04-30,-1.3245492604073217,-0.17457910276188982,0.6064293940557585,-1.0430748365291254,0.29446366723865364,0.09121691747692044,0.7583342568662061,-0.7302529429565726,1.0513915368076205,2.272154825150055,-0.2723492622269074,-1.0218627667589384,-0.7891992529233297,-0.8096263607343038,-0.46576957499970817,-1.1928885933205446
1976-05-31,-0.9101292896946792,-0.38262552323226545,0.5772450503581833,-1.002190288432193,0.2628407739100226,-0.1736198044526364,0.9300351672670996,-0.8403741841998505,1.3350252458015648,2.122765373188608,-0.29221568064850917,-0.9656742219804243,-0.6525002419948578,-0.6292494336764017,-0.5084523471373675,-0.8390566430938852
1976-06-30,-0.6826944029310579,-0.5049320826171086,0.5119665738977536,-0.7876949746298892,0.08956682394560976,-0.17957095521313157,1.3247424281014226,-1.1778191352506402,1.6477601540877824,2.225182641816899,-0.2993873495351063,-1.0160456260751387,-0.31576818227767944,-0.34619129821658134,-0.35504152198289707,-0.4896068997808108
1976-07-31,-0.4894021840874229,-0.47024951694815015,0.3011475111313942,-0.6330067448499438,0.08329419355168054,-0.2309353730159216,1.6995443542317943,-1.3270660249659334,1.4633035414087254,2.244853545990074,-0.22140666151070598,-1.1983020493141867,0.011275127530097961,-0.10630581652124722,-0.1770332614974172,-0.11268836684187811
1976-08-31,-0.25031212612275766,-0.43141123356819494,0.03361369229901642,-0.4853608945939943,0.24125206326011228,-0.2840724759618704,2.053873678775123,-1.4067419019897704,0.8020138706182088,1.8917474321466277,-0.2483911955375909,-1.2817174423334203,0.29890619218349457,0.10165650770068169,0.07925397211466412,0.12817186579778403
1976-09-30,-0.04576192144158157,-0.43215632148670463,-0.18598185332760808,-0.34753699763906387,0.27170454463522353,-0.4976792010677855,2.1412624265712417,-1.3319191459001853,0.08021387078416296,1.3068065383125462,-0.1468301193617266,-1.1520228352085429,0.4936400006214778,0.2003831242521604,0.20491369571182216,0.2883531173808026
1976-10-31,0.06037351840961025,-0.47445789957404055,-0.361615841368659,-0.2690786193827724,0.26095964966779933,-0.6243560358663117,2.1728746945512265,-1.298152924792675,-0.2798184516977726,0.787831810776828,-0.002521428868399178,-1.0331144358884057,0.7334758440653483,0.3415259967247645,0.42882078708087507,0.40630535416159086
1976-11-30,0.19086721636389614,-0.5933303815296588,-0.485292736622263,-0.3173225215274078,0.1447599717580116,-0.7656029893649187,2.1700369867541403,-1.3099991834065488,-0.1867458102702728,0.5130575885830368,0.38952538328260866,-0.9905740038747096,0.9116243720054626,0.4106163928906123,0.637605850349606,0.4492591193382232
1976-12-31,0.36180428570516643,-0.7147130333128597,-0.6021394190234871,-0.3985239050779168,0.1301613075059612,-0.8366369249777476,2.094985252778572,-1.220413018987804,-0.024634865913906123,0.4127106276473946,0.6655635192232813,-1.0786708743749862,0.9616670608520508,0.42265642682711285,0.7656891666931118,0.4476532259187296
1977-01-31,0.551418215204614,-0.8143796274112168,-0.5877860617366231,-0.4173745463041396,0.10470965194195664,-0.8610808871385945,2.0503153159347165,-1.1177253018878222,0.1556348480038496,0.38437133292864334,0.7687454376887971,-1.3262461521118494,0.8233258326848348,0.29893925289313,0.8498670925452719,0.4243460356751621
1977-02-28,0.5598208472489664,-0.8420856001220637,-0.45991145499041636,-0.271508436859482,0.029388607831731733,-0.6937906782093455,1.8345869146786813,-0.9043119079780753,-0.03817947418978666,0.26614358745499306,0.7889384048674172,-1.5007161981640653,0.6025535066922506,0.2636173913876216,0.7393469602255385,0.37865089215026765
1977-03-31,0.5943931274680008,-0.6250057499514944,-0.2743617919526586,-0.06149725871387813,-0.11242896853496374,-0.4563960228603119,1.6013056998580906,-0.39976102651993556,-0.4820300048912573,0.11699491682508645,0.7758053406787009,-1.428596423136792,0.3431666245063146,0.2466313044230143,0.6340171523155458,0.19563152506598883
1977-04-30,0.6965587574367292,-0.4404269074737033,-0.19411526801216658,0.08714704123693721,-0.22088923564925209,-0.27505078095881275,1.3694509149545244,0.10574590913835173,-0.9385449124879225,0.17984273381452595,0.7341965981524377,-0.8971355265697291,0.05687360465526581,0.18807393064101538,0.5326154131804098,-0.09550147669052587
1977-05-31,0.8325452790417716,-0.10637934334198484,-0.18700838928063568,0.2238316596788621,-0.18330561803389908,-0.12899191333372292,1.3077822487069912,0.606690089496901,-1.0105195711239643,0.4383805657498896,0.6600917910189329,-0.24479937903298307,-0.11319366842508316,0.12447455773750941,0.5681154470192129,-0.22283737726922884
1977-06-30,0.9408751863083289,0.05880844544820696,-0.1752420046154511,0.34267815915023525,-0.14551872188053044,0.10296373684624083,1.0913273970921429,0.9805418113175027,-0.9705436931762672,0.42354054870390656,0.7817147745828926,0.08662646448602163,-0.12617087488373122,0.18800388524929681,0.6904684524508601,-0.17236562145295306
1977-07-31,1.1255370599546055,0.33744717471800895,-0.07179995385214226,0.5415663973533568,-0.05456654984555485,0.29746195081209653,0.5681275086509338,1.3025866482324922,-1.073108731232801,-0.04852810091340376,1.0381709600419273,0.12105743312343074,-0.06830063586433728,0.21312218656142554,0.7549602753054833,0.004890723442512114
1977-08-31,1.395160515434925,0.47589275440171114,0.07607851437890743,0.6120768615477439,-0.06618960050079988,0.4210298641372308,-0.20407847970027315,1.6124788032560324,-1.2561197941013884,-0.4573575831600154,1.2294338943795466,0.041970688205823725,-0.12464723860224088,0.06365985920031865,0.718805462014612,-0.016948202963522185
1977-09-30,1.622732054282978,0.6241139514029803,0.2563866529647361,0.6902754878501837,0.009316977883451377,0.3388408052315685,-0.8502397015177726,1.7253429782170935,-1.342981427377259,-0.5289600697154099,1.1820241182776494,-0.01641438285897261,-0.15873228510220846,-0.13002613931894302,0.6724866836247511,0.012433116049088913
1977-10-31,1.8694892695040515,0.6974805955081943,0.445039409646059,0.726627427369427,-0.0010924693910423662,0.19010481182202166,-1.1661152670221764,1.8526319716739197,-1.2779148692416247,-0.18995154072043238,1.0142591695634955,-0.011442197000464581,-0.0718343158562978,-0.17034437755743662,0.6399585823210286,0.04322754672519563
1977-11-30,2.0507851214928263,0.787712292051816,0.5991238452506981,0.9676229833043775,0.12892082654859188,0.15262301524126373,-1.3577264475075486,1.9276955682984804,-1.3464700884656613,0.09000790982314948,0.8141299933190282,-0.04615422709129565,0.16508212685585022,-0.0029539018869400024,0.6839657855008684,0.2725178991794836
1977-12-31,2.276209664075887,0.8624086470763537,0.6212025757691336,1.2932655880862503,0.19597064182521495,0.2811876929104174,-1.5585571445437603,1.893015594003554,-1.5031674704926121,0.35772823740393794,0.6874988337664467,0.043331103183361745,0.4091132581233978,0.13631410896778107,0.8902174738828074,0.3728194615985787
1978-01-31,2.3898157408197878,0.914752137963744,0.6606445689476096,1.628836102849666,0.2194186179262024,0.5357459639063551,-1.9718624867829295,1.853892971157885,-1.6064254555362243,0.28115969673230395,0.6280996193036567,0.14585038575733056,0.6098610858122507,0.35962194204330444,1.043573319873836,0.4915409127239376
1978-02-28,2.2745598883758107,0.9342922533277132,0.6497117237127991,1.713569166580342,0.04165781314290351,0.6922961640861821,-2.398191353322232,1.7522573204322998,-1.6160129619766364,0.17555616104648888,0.6769926821443972,0.24099899753252343,0.6114217142264048,0.44141369064648944,1.0484700374074265,0.48511829633226067
1978-03-31,1.8523722604811559,0.9248317248763765,0.720911664839563,1.5633107785799771,-0.0800603202307197,0.9105782747083359,-2.6339697437890255,1.5729324184209663,-1.598195257497533,-0.005994868950893853,0.656095864124251,0.14742787878668737,0.47050433854262036,0.4231176972389221,0.8229176104526266,0.39369795432594623
1978-04-30,1.3676964715379312,0.773171595003542,0.7106418420926047,1.1892216767136787,-0.07608730178755403,1.0232496119333356,-2.5731938950281115,1.207285021404232,-1.509040943965167,-0.00833590360933164,0.47687495374492167,-0.055910764921188794,0.12276813884576161,0.14397725462913513,0.5136182901838148,0.1170630363328729
1978-05-31,0.9326522019684962,0.5299715863518677,0.6601882587902994,0.7999359730467454,-0.11864044562832543,0.98589456378526,-2.4833003988095204,0.7518429395226579,-1.4693339378957535,0.15660858657592222,0.4713724582068717,-0.3150517501696887,-0.20387855668862662,-0.21086586515108743,0.22931201604152854,-0.24529237624983158
1978-06-30,0.6130916317416709,0.2798826432197365,0.6137115866549957,0.4037264561768928,-0.1777995021513535,0.6181818428138947,-2.500051505691175,0.2507839992970055,-1.3908648920448137,0.1883245333899666,0.6748238743988074,-0.3468237464502635,-0.46717307964960736,-0.49589110414187115,-0.14286755371750168,-0.5279321795156037
1978-07-31,0.31383573598489456,0.1117553591025716,0.4941919165080593,0.2201454752942471,-0.3051197106625938,0.29264832803777696,-2.4797239125575294,-0.11367340244148273,-1.162501630137691,-0.14072198407145653,0.921636039193153,-0.4027768827682719,-0.5066747268040975,-0.6768386960029602,-0.22979401525099905,-0.5255958360548926
1978-08-31,-0.0590430358332051,-0.00869832571849762,0.3405703878609753,0.06739862684214082,-0.30893431767779517,-0.003026513915885385,-2.336255876419106,-0.3353733895734636,-0.7801084673478953,-0.769005099392441,0.6841825162607041,-0.3497245553496608,-0.5065182447433472,-0.8447343707084656,-0.21169537184094264,-0.4374589083165885
1978-09-30,-0.36501755615492343,-0.20910343313605004,0.19888428935509653,0.022510255349577426,-0.21722472346318059,-0.09147129988428665,-2.1954052581828605,-0.42716107566154954,-0.4003627401839176,-1.2321497260389502,0.41275452660738904,-0.3300177970937694,-0.4934688210487366,-1.0063695510228474,-0.06814926515273854,-0.4389837622160846
1978-10-31,-0.6276734008664421,-0.28063464369680857,0.15011474779731612,-0.20151951403454005,-0.0817582896890715,-0.17096600478981086,-2.1600472961127326,-0.5518003162117101,-0.19822657457857074,-1.284381227993978,0.3770164003351191,-0.3196117669258183,-0.48439954717954,-1.0771811604499817,-0.0665433661325177,-0.5861639646932861
1978-11-30,-0.6747280349813475,-0.2309421440448267,0.1990628817015221,-0.38720722834693894,-0.0756003497596458,-0.23999339746538761,-2.151500069760218,-0.7249311268782329,-0.014236713233456044,-1.0663378218666941,0.7272894577456563,-0.34735908275888633,-0.4015892644723256,-0.9577325582504272,-0.08219991386638377,-0.6911325635925428
1978-12-31,-0.7087287636798488,-0.2128187490479545,0.2019501691922707,-0.6344187480563322,-0.20290633788816428,-0.3692430968201803,-2.1194548865930987,-0.8247457036545335,0.06217310424258105,-0.8852224692081737,1.0421739397694356,-0.4119799710242887,-0.2614672854542732,-0.7231766978899637,0.06307662405767187,-0.5758928786072058
1979-01-31,-0.8477975301540726,-0.2944396288599191,0.25368033439336,-0.8106124796591349,-0.2731414347405996,-0.5593964491366902,-2.039164805416589,-0.8706055519032582,0.04943051274048695,-0.6637093383590468,1.298518524922869,-0.26155204497112394,-0.1447802595794201,-0.5047651628653208,0.07435640088306006,-0.35368930903490997
1979-02-28,-1.0169948038969105,-0.5174671694089914,0.2988012089623216,-0.8832166207630753,-0.1274949398251456,-0.662227635914757,-1.700906342700202,-1.062011421936653,-0.0855612324688685,-0.5200421225718662,1.3413389334054335,0.0004706505848904863,0.03693081811070442,-0.22275476902723312,0.20390216862198182,-0.10115762159253859
1979-03-31,-1.0433640811589606,-0.694213947279791,0.2437041987047713,-0.8271370001059788,-0.030250433606708992,-0.7114969736996523,-1.222586765967075,-1.3173482668153635,-0.32266533406618486,-0.7312494602165924,1.1423852065079758,0.16528580055756215,0.1436917893588543,-0.055291714767615,0.24302305149287032,0.03970783798027852
1979-04-30,-0.9268255527519044,-0.9642880223987523,0.02317352808141813,-0.531179464605113,0.030524204606572694,-0.5676467928227571,-0.6843257624359702,-1.3463613135018644,-0.615544799598422,-1.126639979488626,0.9013982587019699,0.04674682736589503,0.1701942520836989,0.04439945643146833,0.3484826547515878,0.14739192023711065
1979-05-31,-0.8137172689482709,-1.1228369397090645,-0.2104287183130459,-0.2938381404337859,0.03227508534697525,-0.5747714821438051,-0.3226564350627418,-1.102590689659886,-0.8952805865939885,-1.4297741904607397,0.6521681607576425,-0.21158079646411002,0.13811426237225533,0.020295741657416027,0.2477735890372088,0.1733768098978257
1979-06-30,-0.8084986667977051,-1.154712772797531,-0.30403592253725226,-0.09249820928942996,0.09475612074097473,-0.5979443773912689,0.1704356981963017,-0.7505018314235969,-0.8635659847399145,-1.2899823796773855,0.6119433431818706,-0.35285128041962444,0.16878215844432512,0.012536179274320602,0.20678211362361357,0.1583216340607406
1979-07-31,-0.8991901802851485,-1.1298686743759645,-0.29989467082665366,-0.09682206454537107,0.06255975368841056,-0.7961826253953689,0.7023228385910775,-0.5806160110099284,-0.7585420405245681,-0.9380701001995311,0.47101487663087865,-0.19625598866950458,0.18677107244729996,0.03457781051596006,0.34688368415128834,0.021836746508868198
1979-08-31,-1.0961464220237813,-1.1131675372668637,-0.36749807317034855,-0.06206603760236637,0.06544913094231943,-0.8036849639308,1.200797589985027,-0.4152045351349318,-0.5015226967704051,-0.7336638964838743,0.5231389802539401,-0.001663470969499777,0.2483252411087354,0.10479998091856639,0.5653578721186595,0.011794231925551513
1979-09-30,-1.270770378898484,-0.9996494747125793,-0.5100737074718501,-0.09495478488217794,-0.009122732401289366,-0.7441348730511805,1.4931936097521188,-0.28126963632952345,-0.30419677599243977,-0.6067415419574904,0.4943029019748137,0.1923546470569947,0.4144555355111758,0.3024303677181403,0.7181082459388345,0.14648162201783413
1979-10-31,-1.4179152245962297,-0.7650194499512262,-0.7010256418012947,-0.09739100956832313,-0.0404581162724867,-0.6138873791010434,1.6188498185156845,-0.07556642252317095,-0.1282878232425602,-0.5487821286369693,0.544884251835198,0.2753505532021823,0.6282479961713155,0.40864772101243335,0.7199867924492459,0.3130026993217601
1979-11-30,-1.471391826490172,-0.6637298575503178,-0.8392737177809444,-0.0344551264854861,-0.1248264555450468,-0.5466592099036481,1.64055437834155,0.14466101355256758,-0.1551098820085059,-0.560528574383023,0.5383769941379885,0.2346045430222116,0.7639209429423014,0.4599231779575348,0.7231864500992811,0.39682140295524077
1979-12-31,-1.5470148841508136,-0.7845742724287433,-1.0322239457396767,-0.04692628168804639,-0.015664245136936417,-0.47858240732138985,1.6879838552094582,0.41066952337961665,-0.19168185258324869,-0.6890360960884391,0.6070936233056109,0.23539566174968427,0.7570793032646179,0.36951563755671185,0.8174796531284106,0.3885757995006241
1980-01-31,-1.610527318432011,-0.9888575163616228,-1.0980464457906318,-0.1099315797527236,0.037958438434265114,-0.48239074859620046,1.7439465649868247,0.6174270543941691,-0.15703841936478513,-0.7322771196973891,0.7541672292305982,0.21240589735919388,0.7337806224822998,0.35301347573598224,0.9834555859093052,0.42216263723472225
1980-02-29,-1.5589833905132506,-1.0783075118356302,-1.1154215973218111,-0.19829842754134033,0.15291170525543618,-0.498459650837932,1.7781160869182013,0.752315985898529,0.029663852828387682,-0.6226169945497114,0.760409230836034,0.30463504337994857,0.6169808606306711,0.3410989244778951,0.9191581007625818,0.38475737457725345
1980-03-31,-1.4326017502099557,-0.9560449349670703,-1.0424222288724885,-0.18008786647228736,0.20279179733851108,-0.4917915430549716,1.5612112792890063,0.8209881608089921,0.367613356846398,-0.22499387577288243,0.740168810696351,0.34743647658686627,0.4093443105618159,0.2841546485821406,0.7531411463814299,0.29365973634756337
1980-04-30,-1.0785313623967936,-0.7124261806062512,-1.148847431236263,0.04700816762592001,0.26291081031731817,-0.44509495431941,1.3380110457069396,0.766559025599182,0.8051842906207177,0.10810115059956571,0.5947865519135928,0.42706322785101714,0.33528946340084076,0.29025837282339734,0.5838608449604367,0.2503166234377993
1980-05-31,-0.7253946015943695,-0.33347603554059774,-1.1992621351314197,0.224503206605573,0.3327585282826044,-0.4969373934225339,1.2539835742309693,0.7591130413186699,1.1154323790242173,-0.07961039459331405,0.47266239188404224,0.5140038128566741,0.41498742004235584,0.33044088383515674,0.5929986033622296,0.2593117843776997
1980-06-30,-0.3492927198833085,0.030997036131271583,-1.111903863189316,0.40230299378301476,0.35574390623713686,-0.5484706719043864,1.2605942223057818,0.7370823089128636,1.307680104842209,-0.4860952382498409,0.47710860308112446,0.6415101028156486,0.5717883805433909,0.4725088874499003,0.7344764289305564,0.32317748315257305
1980-07-31,-0.08576694040842932,0.28183050425643597,-0.8502304864701299,0.33167526092022925,0.47014441897430603,-0.5861606889720754,1.1546513787250283,0.9285127315563043,1.2301633875800217,-0.7764710839693766,0.2804824533162084,0.8357784382185766,0.5370820860068003,0.47096091508865356,0.7555121194002429,0.18999851122579312
1980-08-31,0.12660820482514132,0.44961137036508797,-0.5802679448942062,0.29710585671465367,0.5120655568887779,-0.4114947898840919,0.9266712779459111,1.1714262486263538,1.1723861342587198,-0.4656415718865697,0.20861264802177934,0.9226696656745806,0.39396927257378894,0.35088954617579776,0.7150365626509169,0.0011453937601140958
1980-09-30,0.30728870474790243,0.5440944415626008,-0.34070555735320146,0.32900019409936637,0.5035577820608199,-0.31192016752859847,0.7162008483463023,1.4523203439186947,1.0351791658494152,-0.0015566978390415542,-0.071993194203534,1.0711435319749834,0.14845958103736243,0.06415051470200221,0.5061624529105457,-0.2007270595902145
1980-10-31,0.24615514313395417,0.7373875660880339,-0.3083986935620697,0.38549659852688034,0.44927685689764973,-0.20738554380829347,0.4008578488668071,1.5810923053441173,0.8751317671865372,0.1747650199229179,-0.14676258030232642,1.000348219835612,0.010851765672365824,-0.1692681983113289,0.3089131000265539,-0.23375632009828462
1980-11-30,0.23847355617413743,0.9355057234344367,-0.4143486428776621,0.38378576095581085,0.38922836157550345,-0.15407081577294604,0.1297748255992196,1.6827736535022575,0.8257998816228144,0.1668163039571776,-0.268221769178812,1.0373520032136259,-0.07771422589818637,-0.3194763859113057,0.2729119230646524,-0.21512336785597028
1980-12-31,0.2782661092069116,1.1293475907513837,-0.6440428283808982,0.3447340402439001,0.41584294885425255,-0.13387192587666308,-0.1830440806134533,1.7402687151727985,0.7927614614239743,0.17146130829312034,-0.26239469791886105,1.0343136453775916,-0.07315601781010628,-0.3468843201796214,0.24807855466825035,-0.17554548270040538
1981-01-31,0.462729594655207,1.2542029320892827,-0.8649106409639259,0.40620351358297535,0.5736286747077531,-0.1266294538041106,-0.2845629394598756,1.7620927659113155,0.8928058767279969,0.24479301686186694,-0.4407911870610846,1.2170953997488019,-0.18898221477866173,-0.3727863132953644,0.13625053047889799,-0.30828405645684365
1981-02-28,0.629386305587209,1.3594295546564237,-1.0052236217031352,0.4730964807404095,0.7819723778774091,-0.17443083093921885,-0.5159203593414896,1.5372812166386296,0.9426147008642038,0.3780837643517525,-0.7098176008372717,1.3986492993989694,-0.4513158053159714,-0.5383951266606649,-0.0040310253487334064,-0.5649275053320751
1981-03-31,0.6084333705804913,1.3899115451501665,-0.9901453477971769,0.3822187253415646,0.944563082841884,-0.23688244113250942,-0.5778317092834043,1.0852557308455915,0.9231351170868961,0.40512941639672767,-1.0432346619061403,1.4007427033781825,-0.5848008195559183,-0.5611811776955923,-0.20090331999620004,-0.7436983789700005
1981-04-30,0.5997130134181073,1.4311767826088089,-0.7672976960799954,0.20048456406678514,0.7974680175935065,-0.40689274380256313,-0.5688270529385969,0.42643262950048766,0.8735180639807525,0.5581245825248194,-0.9747650472794116,1.1498925549810306,-0.5527380009492239,-0.5141267577807108,-0.18911655454975526,-0.7725699512237606
1981-05-31,0.5040346564854016,1.3001202065192403,-0.6965089815470638,0.09060236430463132,0.5202750754528793,-0.5612113033736931,-0.38354161616929144,-0.07540719100194433,0.7567350594831744,0.8059935637795652,-0.7553027391279098,0.9261885335257863,-0.32933396597703296,-0.26099619021018344,-0.036372049817320805,-0.6541512576822263
1981-06-30,0.44837198860390154,1.130916075715682,-0.6963057105285779,0.22424560239629124,0.21903394680663948,-0.4312551161558436,-0.3191765900372671,-0.5936584662840746,0.7655611652486076,1.251477306654343,-0.6284593840624808,0.9226947071847363,-0.16841121762990952,-0.20464976380268732,0.1883143555104768,-0.5640901302223468
1981-07-31,0.3613434423956127,1.0883502687163933,-0.6877555995520431,0.4179933911292119,0.10107997251321647,-0.11767386999884115,-0.36785731497699353,-1.016473087180105,0.6399934377272792,1.6555581270441042,-0.7272168126485998,1.1000161035327993,-0.1235427235563596,-0.23013016333182654,0.05632341545348962,-0.5109978521168465
1981-08-31,0.31575118626669235,1.240676553300575,-0.5697227464247198,0.6216619620335816,-0.02335639150749656,0.2469965575524974,-0.3937832348686299,-1.5479943495500113,0.551733937276072,1.8610275850236953,-0.6234290999161334,1.1957018747266026,-0.1106745998064677,-0.294987012942632,-0.2245197961379927,-0.49508995111148996
1981-09-30,0.360474926382806,1.3751248306528385,-0.4905959980061075,0.7201510226028036,-0.1923265041440465,0.47126145545579323,-0.3585629137642263,-1.9590941785942377,0.39847038370652826,1.7720765778581182,-0.4430434007487351,1.0203817149585872,-0.1352094387014707,-0.33747056126594543,-0.23009509651984417,-0.5010482737958238
1981-10-31,0.4021493932108,1.293705260592844,-0.5014283357545289,0.7858025714590037,-0.27523111759936314,0.5227672398831553,-0.31315967836134234,-2.261964430623268,0.34865736588074975,1.6325435933254469,-0.3600469618990776,0.7276148936078605,-0.16957905143499374,-0.3566429913043976,0.011100633932298811,-0.4862674941043476
1981-11-30,0.4097562464492929,1.1620902271088658,-0.536724645136451,0.96317217901042,-0.3794404927043476,0.4852520033763688,-0.37388960650694564,-2.503826513941774,0.2637038831137161,1.6261446134043354,-0.5792259186801124,0.49816700762578864,-0.2888101090987523,-0.4269697566827138,0.2496140597233112,-0.48403928416094844
1981-12-31,0.3685353416142967,1.1428643665064453,-0.5846600096763087,1.3263700609838074,-0.43398820113376707,0.2975299248072118,-0.3810969678641722,-2.480522088144791,0.10703413190322003,1.759168513590156,-0.7640165602086015,0.3973151072154503,-0.4197417696317037,-0.5017597874005636,0.11148583484533532,-0.4956275449137373
1982-01-31,0.34570130372237196,1.1435539826603611,-0.6911360362287438,1.8428624243072222,-0.587405774862679,0.16017488935427063,-0.40291730453489666,-2.567538813238034,0.03387673056905164,1.7760795101517888,-0.9631915660937592,0.3201629086167896,-0.4307831923166911,-0.47383368015289307,0.05258187980334822,-0.4301810285961291
1982-02-28,0.38255810384904004,1.0170559410859576,-0.7493664627229336,2.183018178989465,-0.6241977006791695,0.04147348641313418,-0.2921570438923484,-2.604358833948983,-0.07212945295499835,1.6887736969306992,-1.062592003284138,0.2309500577923016,-0.3366168489058812,-0.40200625856717426,0.07133192019337559,-0.33143185612193443
1982-03-31,0.42936681727447135,0.7381772990312271,-0.8005364813904287,2.1193965028939656,-0.6232279555407224,-0.05089931700257803,-0.23597761334678347,-2.568308413361527,-0.29806058790270334,1.4819982918467014,-1.0156980650267895,0.23020047119152764,-0.21935990204413733,-0.3015611370404561,0.12694403434195486,-0.18362621542884397
1982-04-30,0.31329554525414,0.4401173839526677,-0.8324561491488417,1.7965524285602872,-0.5503940942287032,0.047924985646606855,-0.11352084424566501,-2.2574179160763097,-0.7030273831407735,1.1847378063777227,-0.6418231150800616,0.13429677123979564,0.006161890923976898,-0.15987674022714296,0.10578119761277992,0.04438509262750926
1982-05-31,0.09349807247213354,0.12196134241202483,-0.8268746297726902,1.44608374327293,-0.45596149616280873,0.2956438449553629,-0.026999475349604826,-1.9842667758399326,-1.087665710636643,0.803180222092712,-0.2278709530984682,-0.07808434721710562,0.27322986473639804,0.030644956976175308,0.12648632094817117,0.34731397915074513
1982-06-30,-0.08152302527619892,-0.07837509245618708,-0.7688828943005781,1.0452347085913165,-0.20504455674171992,0.6045050470046672,0.1306116946169772,-1.784572776725609,-1.2253701265805763,0.24974709207934978,-0.11251701200567889,-0.3737253455942584,0.561324954032898,0.30542996898293495,0.17266911718434416,0.645140072672917
1982-07-31,-0.20850766255618272,-0.25357067249061077,-0.6321254212637075,0.44452444302073163,0.02670158101677105,0.8794143721276454,0.3577484237618651,-1.6885385296851316,-1.0902309658477507,-0.26089042572450133,-0.2281707797954957,-0.5761628264850248,0.7365118066469828,0.5725320180257162,0.30635764065907406,0.8076071711055347
1982-08-31,-0.35510938110315143,-0.2818158728905494,-0.4704661884955585,-0.15205230635532466,0.04293440022851053,1.0740893258599151,0.5777085619820936,-1.4902396019101039,-0.8636050329797144,-0.7214236610425008,-0.3034944069285365,-0.7590583492095302,0.9528486728668213,0.9107678731282552,0.34986189342236934,0.9952085578185056
1982-09-30,-0.632728884257698,-0.3963374443413101,-0.21541989862648592,-0.5156440331719868,-0.11805880796833701,1.1523665795086468,0.7314373611756514,-1.3330475929502723,-0.7067274014993057,-0.821565201564907,-0.26658454735049525,-0.8066185484985297,1.3085894385973613,1.3291256427764893,0.7870502674380463,1.2230951644586516
1982-10-31,-0.7653988180440892,-0.5392058356793995,0.014717212359742179,-0.7161989765543991,-0.19547381888678653,1.0820139441258114,0.8310275754734988,-1.1456705331991925,-0.678577273715835,-0.6246570271683853,-0.1910288436975145,-0.8277517057126751,1.8729937473932903,1.8704278866449993,1.2156360748544879,1.614839506870803
1982-11-30,-0.7664464200093684,-0.7177744299943671,0.15190756053591212,-0.9810960945684585,-0.25031488412640024,0.9681540992069975,0.8983508668857138,-1.0087547684968505,-0.8529265730671041,-0.4486974976680522,-0.17576644938530409,-0.788050024864383,2.445187250773112,2.417884588241577,1.7298731462478754,2.030063346294146
1982-12-31,-0.6143427821945451,-0.7923388796371,0.20971607867024492,-1.2410313258181918,-0.3439098055809285,0.9021386810699606,1.0387070595490553,-0.9556539249268635,-0.9143410710308606,-0.5875902021182935,-0.1162493939824198,-0.93644446642256,2.850113789240519,2.8396894931793213,1.8299440447402848,2.3756795585423642
1983-01-31,-0.4905396604441951,-0.829715419655973,0.2811173188220718,-1.3266856022385258,-0.5015851643624001,0.8454370558560234,1.1664451770213369,-0.8421602021253451,-0.9209999732528176,-0.8678462705171274,-0.0023714283886888212,-0.9914178275522866,2.97729484240214,2.9796934127807617,1.8406370026108245,2.5541373291952048
1983-02-28,-0.39363285033973733,-0.8381934156788876,0.38461220051252426,-1.226016802355465,-0.5628789511464559,0.7697949336124368,1.1747536329246426,-0.630363393952627,-0.9183295888936804,-0.9922782013800604,-0.04700066437253255,-0.8446877849549247,2.8820658524831138,2.77193284034729,1.7001686004532257,2.4532277640135822
1983-03-31,-0.2183167853588104,-0.7862792329120208,0.4080425827153931,-1.0139701319729835,-0.601652244523666,0.7272760259350627,1.0214705734486276,-0.26542935771451687,-0.9900595826422259,-0.9649719553131502,0.06467879783228003,-0.7003339200885632,2.545964082082113,2.36239484945933,1.9544914273702059,2.173788976863603
1983-04-30,-0.01899061772060275,-0.6813192475303723,0.3694625032292347,-0.7275299912200666,-0.646329803514702,0.5714341198323177,0.7858039369753067,0.08321123984585921,-1.216610069503418,-1.0830384014091996,0.13680504873784002,-0.4891080378909818,2.1309402783711753,1.9760714371999104,1.875260944423097,1.7177371269873032
1983-05-31,0.12071005662037748,-0.5834921943706707,0.28381283388797723,-0.41168712544554925,-0.5132153433951913,0.4646944724499867,0.6260297032367287,0.44290340724229244,-1.2419198318951061,-1.1589543614352515,0.2088496231965967,-0.4818148058482634,1.7597509622573853,1.716563105583191,2.0758259499665423,1.3347165745966076
1983-06-30,0.20121594211767968,-0.4804317040986583,0.2579146183932329,-0.2053070555534806,-0.1762509697373333,0.2745633075708021,0.4989415061920768,0.9055674674938508,-1.108565998363191,-0.8870328650288979,0.1546835650803576,-0.37293326668873,1.3594250082969666,1.4465670188268025,1.6031213404123814,1.0312853420688985
1983-07-31,0.3311620375460448,-0.3306230848947422,0.24906407804214195,0.0003415122589313739,0.07320488566920032,0.2167229977572361,0.4112804148346057,1.3955473657163449,-0.7300290322172932,-0.4317354200131694,0.024821574556205348,-0.4679791811544485,0.7661822388569514,0.8776717359821001,1.2652895617319695,0.6182680311530349
1983-08-31,0.5597072996737653,-0.26520940781306795,0.3677945662738685,0.15698206079417715,0.2580876010167105,0.19958933232886955,0.32484092213356625,1.9202304760600972,-0.4740929381419534,-0.18675512246643014,-0.12994870324936725,-0.417401520216967,0.15949063003063202,0.2675292069713275,0.6092990535871433,0.16773303255273184
1983-09-30,0.753575248292291,-0.2875790004300963,0.5406343214349424,0.37764408831739904,0.22340692527752815,0.26014065131939934,0.33015464447838655,2.1987204363767305,-0.31572244970196844,-0.2695771963887892,-0.21776604598769664,-0.2868772666679324,-0.18931850790977478,-0.23904565225044885,0.13467026085986,-0.271422004583874
1983-10-31,0.8466106024233904,-0.4311830715517641,0.6822225527952313,0.5142853482719673,0.275391438770856,0.33762277880755676,0.3707469505620327,2.245351630197209,-0.14592508077762553,-0.2699717037312237,-0.2717051966690817,-0.11244947535270731,-0.35921236375967663,-0.6001475751399994,-0.27196950865818953,-0.5838643503909432
1983-11-30,0.8669457518573723,-0.5226753388498203,0.8153171250370629,0.6792872080891076,0.1970889556085619,0.42543115161399786,0.46216735098088857,2.0980039957433134,0.049759326138098824,-0.14137269219441348,-0.1420711881467499,-0.13183125503124613,-0.6042644133170446,-0.943488230307897,-0.6680738782914174,-0.8111047072261609
1983-12-31,0.6622467803787334,-0.5803638376001773,1.0229151907236809,0.8986719098751342,0.11987342886124253,0.5474590723649394,0.4630221111559332,1.9523992967121229,0.36772571947960514,-0.04830609007078108,-0.12411142527266472,-0.19381142883278626,-0.941196084022522,-1.2478225628534954,-0.9947053999750711,-1.0435601358825413
1984-01-31,0.5691915463097518,-0.6159653151571244,1.2473920999796722,1.0140895466774655,0.07162629341112305,0.7341692520075362,0.5091055158036063,1.959966010777303,0.5687274275594606,-0.13482108296447806,-0.07410823383808714,-0.13931884563132615,-1.076728343963623,-1.2693694829940796,-1.1038908462100194,-1.029100200899243
1984-02-29,0.47899999107048025,-0.7367944077617876,1.3151211756450827,0.8165362678909668,0.10803436319490937,0.7758591666838303,0.5771241272174943,2.0317941746333745,0.8524995989301883,-0.2659511879664783,-0.0872296500447763,0.07482035199509014,-0.935087780157725,-1.0749432643254597,-0.9407377642329947,-0.8425548370919472
1984-03-31,0.45739305669618635,-0.7884863209679192,1.2218382568572945,0.31491305334673164,0.09943061279406094,0.5854261847374306,0.7663690560322092,2.0442046827348146,1.048798533945162,-0.5155490755468931,-0.028822417935603296,0.2762707917102481,-0.7259766856829325,-0.866494874159495,-0.6407661734296252,-0.5925268673384276
1984-04-30,0.17823787615520778,-0.7847996354641446,1.0887417027841635,0.05606540614641662,0.09065088520580823,0.24067578943182377,0.8839380156299637,2.041984155141848,1.008866681151416,-0.7108227880150609,0.15664143997563726,0.365929811184513,-0.5437808434168497,-0.7298369407653809,-0.4357168536049752,-0.43014918306836586
1984-05-31,-0.22150966436318473,-0.5300896147218846,1.007890176047079,-0.037160977797774046,0.034630079146824325,0.09105595258473624,1.0097104529426364,2.032377243041832,0.8666217695834049,-0.9726975021475658,0.2892406839161404,0.3525133089819197,-0.5989922483762106,-0.7970638076464335,-0.40710747303895634,-0.41472461744224437
1984-06-30,-0.5061146936832458,-0.28716674555433,0.8665165397426365,0.09098101164772288,0.04593735169929763,-0.2695188094750678,1.2888358538731246,2.2512440207629685,0.4699585779696816,-0.9358658782283972,0.35054749558378034,0.34018716963072326,-0.8203814625740051,-0.962379256884257,-0.5459507812825958,-0.5694963793629028
1984-07-31,-0.6653721781683827,0.053601263459813454,0.5831217326412427,-0.01748884498490953,0.04440071510454071,-0.5918607030994507,1.627143278932376,2.3109424747611227,0.18388121983261396,-0.7906738832867165,0.31488593538788606,0.31765348775446683,-0.933598796526591,-1.0033976833025615,-0.49464584778611287,-0.6641352288379686
1984-08-31,-0.6621021574138098,0.2909966712492204,0.07057925655434205,-0.22047584609507298,0.10591879887603987,-1.009368003841529,1.946574866285952,2.2463297971856324,-0.12003172715956745,-0.515290950961283,0.30107131735638143,0.4503337992753953,-0.8472357590993246,-0.9192015727361044,-0.4406824249439035,-0.6936659860576087
1984-09-30,-0.7414315634217153,0.5749740899826166,-0.3976407030936275,-0.39294649370226287,0.02798574516934633,-0.9942343578207858,2.1102850728104663,1.900464463654992,-0.27074355994646643,-0.29203532301578256,0.31875677784422946,0.485817176823146,-0.5632386306921641,-0.7255270083745321,-0.17169426982870828,-0.5369524134520508
1984-10-31,-0.7854849024439098,0.771900389372905,-0.5956377368455759,-0.5199956309520183,-0.10075606406125277,-1.031979199175355,2.281465718808717,1.664279659423298,-0.3848086053704636,-0.1648757947750837,0.16084751155624102,0.6240782336503736,-0.5734768211841583,-0.7613386710484823,-0.3457021522313976,-0.5750447130400217
1984-11-30,-0.7973583574575139,0.9394730388277388,-0.4659531925871698,-0.5078360636132079,-0.4253862443220955,-1.1119952916195002,2.45350647449265,1.5392293470712222,-0.5410004516650356,0.01396145699183629,-0.02509567852049327,0.5270021936751444,-0.752465675274531,-0.9015426238377889,-0.652273174223752,-0.8402378917370754
1984-12-31,-0.7121677513730318,1.0412070121684176,-0.3129625069214737,-0.599408649764826,-0.6952146811353179,-1.2598746662821043,2.452350191405652,1.5366576642067074,-0.6595430051977823,0.09741572475064597,-0.26618765685491835,0.361162435925348,-0.9921885132789612,-1.0580445925394695,-1.060034242554172,-1.1504875321508095
1985-01-31,-0.5819939800870496,1.0945095862627765,-0.20653951147380842,-0.6248650091951243,-0.9393174754331243,-1.1888409427243447,2.352349999395806,1.4979747820173985,-0.8112424149060878,0.20272817273013455,-0.4294316664626125,0.05402238734803571,-1.1084680159886677,-1.1616360346476238,-1.1665706251012653,-1.27701871881159
1985-02-28,-0.4882769589597666,1.1072101474830822,-0.1718875614904757,-0.50504613956168,-0.8753354560075134,-0.880289952595211,2.096069422394812,1.3523544420516964,-0.75443636213336,0.2399709905635986,-0.5341304566130928,-0.1379708668795451,-1.1759064594904582,-1.1892626285552979,-1.1578370481409197,-1.2093130611052219
1985-03-31,-0.48065739956114073,0.9619001741867187,-0.28872815380796685,-0.15205273976312075,-0.6022780979560078,-0.5723201071913715,1.6488348232580512,0.9004788835957055,-0.5384263057088907,0.36358834999971545,-0.7151526202411173,-0.2389555045030646,-1.0676677028338115,-1.1271894971529643,-1.1071488589572442,-1.0091628610209764
1985-04-30,-0.4370964680245149,0.807718336880482,-0.40349909329963024,0.2516555722245903,-0.3369063674263633,-0.42670451598591014,1.2357597672242069,0.3594647939930808,-0.3655006281466027,0.5163873087376641,-0.9731250466217786,-0.29639550268380427,-0.8739311695098877,-1.00791335105896,-0.9834111256090269,-0.878136374320302
1985-05-31,-0.5013152346044801,0.7445013417045487,-0.5145457820831744,0.5708246923540136,-0.12395031087623055,-0.4052398787397746,0.9329392387329598,-0.20934804299999143,-0.2357328968135631,0.7644105264025912,-1.2696341744389716,-0.2870257023448704,-0.6191260317961375,-0.8601114948590597,-0.8096985435446963,-0.7281321576900344
1985-06-30,-0.4093341402994158,0.7069742690210736,-0.3549361734620206,0.8702511218872524,-0.09908878908698393,-0.24585231275158248,0.4972992626081159,-0.6649333171612236,-0.48415909676340974,0.9906618299332229,-1.4825323411080387,-0.22098757287972526,-0.45324649413426715,-0.7627062400182089,-0.6136112915613255,-0.6498835610520768
1985-07-31,-0.43964793816959946,0.578115936050525,-0.2233861829685991,1.1540184397156041,0.007849768530928872,0.03101641078144929,-0.12887680925703834,-1.1336489551561046,-0.7776619202157965,1.1266957626989273,-1.4966386048362306,-0.09818725940831692,-0.30806542932987213,-0.6420270403226217,-0.47593369927064116,-0.5449475609527152
1985-08-31,-0.3873123414196644,0.2813972859638288,-0.2131246653508768,1.5259523099062882,0.03997750561094556,0.24489683326266345,-0.7761917770484699,-1.5475051747467756,-1.10474517258903,1.083056253105173,-1.316019066139998,0.0690338522927354,-0.16710134378323951,-0.46264660358428955,-0.33570593732553705,-0.40294776097135926
1985-09-30,-0.44215008098042446,0.023829773530351882,-0.3077241993885664,1.7269131062525274,0.26625739446727753,0.4093241970478297,-0.9867204537275368,-1.7819620690431754,-1.1156996012022573,0.9354487568871798,-1.0709861582911355,0.0008303379577100553,-0.2045905195797483,-0.3974108397960663,-0.38359178265011673,-0.39603342375303524
1985-10-31,-0.37874277663415895,-0.13396182992800867,-0.4154723156081075,1.925781452755606,0.49336787476155397,0.5151442626949605,-1.0510073224729648,-1.796042811017449,-1.0526037316844656,0.7649760539614138,-0.8086423132166719,-0.01203746114251323,-0.27424614162494737,-0.40840328733126324,-0.3433134587952611,-0.3737920835818678
1985-11-30,-0.3843148447743059,-0.2110278594742827,-0.42261439067492246,2.022648550446864,0.536185154320893,0.7346376493696697,-1.0917844317887422,-1.7907638092812197,-0.9198687985668966,0.585135537250364,-0.6856055178257368,-0.19176577885957546,-0.35666900873184204,-0.5292947391668955,-0.34813814345589417,-0.4162583842996521
1985-12-31,-0.3710841370933355,-0.21510347721286724,-0.4770590791273393,2.1884662955511995,0.4180772033394031,0.9419206432817891,-1.192834206046763,-1.7925325622304218,-0.9386757016640849,0.4627293162096356,-0.6117562653196985,-0.1474295761295201,-0.3565777043501536,-0.519440770149231,-0.25527497780146,-0.4168908526498923
1986-01-31,-0.38870871753970776,-0.2539135877399991,-0.45485619347791123,2.1645427669718678,0.16238850670176277,1.1601085370044801,-1.670925472810315,-1.7550632705812361,-0.9404121109557355,0.29597439081975935,-0.5152396870530174,-0.21144458419403503,-0.5366349120934805,-0.5696566303571066,-0.3544653633732226,-0.5143428032597838
1986-02-28,-0.1521197344962942,-0.35526598652603636,-0.42772921201185826,1.9181945198823653,0.11114560614145964,1.27354025004239,-2.3061821056540115,-1.629263505450094,-0.9247109981403926,0.23558584461200227,-0.40899078125025984,-0.13652408905340688,-0.7773439685503641,-0.6884172360102335,-0.4937008742944264,-0.6779322029457485
1986-03-31,0.162401181631012,-0.43410539599625225,-0.4202314317407481,1.4885971246911804,0.10138695074362931,1.252614264873703,-2.748021419381667,-1.4904495301113634,-0.9024195396048547,0.11074452555045089,-0.22384300771302934,-0.04683864928523768,-0.9064887762069702,-0.7948599457740784,-0.5339219972397732,-0.7346223887487585
1986-04-30,0.48927886283570926,-0.5275608145548237,-0.41787745536095633,0.9568270777146406,0.2270615970593226,1.0530198564219935,-2.6872932224099446,-1.2831878855061536,-0.8189589445679033,0.12458466327662394,-0.17204398454464287,0.036875564720313926,-0.8143099745114645,-0.7724300424257914,-0.46367778673840726,-0.6454449851538807
1986-05-31,0.7353922923520054,-0.5929259599596173,-0.47692566800969544,0.36225188921931545,0.288653946464305,0.9349835249031754,-2.5303181492031364,-1.0507141820944736,-0.838685956857517,0.10619060266903296,-0.17927327910925336,0.09231806536196568,-0.6319265862305959,-0.6489380796750387,-0.31293333566360576,-0.4650459466032694
1986-06-30,0.9482686589320718,-0.6917307217300511,-0.4484185809975479,-0.2051699336111208,0.3254321988866357,0.6672186568854458,-2.401576950750551,-0.631852092519824,-0.8553320231845897,0.008028209100482428,-0.28056820213259576,0.12670851833386995,-0.3641463319460551,-0.4667460272709529,-0.08346010162974649,-0.23726896939464126
1986-07-31,1.0475894629160345,-0.6680338332608523,-0.41009470004833654,-0.4922168919682544,0.33672673646271933,0.4579148489033453,-2.3159268230733256,-0.2487195655218674,-0.7964422233163373,-0.07344184160541972,-0.3028865069101246,0.043847903230049536,-0.15070136605451503,-0.2586172726005316,0.12513738194643878,-0.052785719634526544
1986-08-31,1.0348965319964087,-0.43263392648554816,-0.41350700112904076,-0.6207424828314737,0.32013368473674525,0.1068027323088796,-1.9924564012399564,0.07227748120414912,-0.5305800459669052,-0.07850758028497037,-0.3062960347039724,-0.057349052568948976,0.04669455966601769,0.01965841588874658,0.4988533641845485,0.17258323480914206
1986-09-30,0.9822173538235512,-0.24579356363958507,-0.36836951932670153,-0.8159899401591836,0.33423788772000923,-0.010833280676510793,-1.6977108386259452,0.2507770718531572,-0.23221679359316583,-0.05365947656117892,-0.3061096352720907,-0.12475569463056284,0.2465415724242727,0.27307447232306004,0.7295865336186266,0.38401599017171834
1986-10-31,1.0604164252620631,-0.12213840962952029,-0.3104372184419813,-1.221226606889203,0.3644354371875879,-0.007331333413166515,-1.4583930871766688,0.288679231471263,-0.0027684619581129916,-0.015127820295540056,-0.35611632464999915,-0.04123258878501203,0.5171675632397333,0.5138296484947205,1.1472428311986866,0.6210300159245549
1986-11-30,1.2015635727399632,-0.21183703956275904,-0.20570553964578378,-1.664934166036834,0.642802268053876,-0.00952085237176567,-1.428082505400558,0.28451408173792553,0.1495825793508195,-0.09857658304865606,-0.44368449032821733,0.10318001809142112,0.8254554271697998,0.7036720911661783,1.2297556404744567,0.8308577084457957
1986-12-31,1.359132001715732,-0.18196557499698648,-0.20095837665284463,-2.0146502639849966,0.8637382598724903,0.04832999459574187,-1.4805487863568685,0.253710497720937,0.30051515294351244,-0.1829321824945448,-0.3408083975894714,0.24596338093197634,1.049858073393504,0.8982351024945577,1.3061772352566916,1.0321481437560334
1987-01-31,1.3579814184983714,-0.1614547036641858,-0.40296706578879765,-2.1940800277903256,0.9756931473098538,0.055608254834269656,-1.5812392983397012,0.23171942850417415,0.40066854400964896,-0.27829814195647357,-0.17175351813936138,0.304307214807873,1.24104905128479,1.0697252750396729,1.276840769308582,1.2298108708729303
1987-02-28,1.2912576740177069,-0.07172897569419359,-0.5456086764219553,-2.2168852751368973,0.8382485078492002,0.07756429800918951,-1.4739734282208616,0.13742517431105186,0.48646925572903155,-0.32076501144896125,0.10254646061015882,0.25162975970554813,1.2974081834157307,1.2047204971313477,1.3282192271591635,1.2836068522854724
1987-03-31,1.121782769780815,-0.02895208972725996,-0.6682719841800369,-2.1702286655072904,0.6354062569883488,0.0855264357648895,-1.1842574660795508,0.021219360523783478,0.5870224396644848,-0.2039813751933288,0.25473597690947497,0.14753822206134357,1.3443345228830974,1.2859158118565877,1.3284656855931198,1.2397890551674324
1987-04-30,1.0365651724564742,0.15369608436184193,-0.6266129927753975,-1.8359198765969273,0.3772078980277143,0.18735405361016763,-0.7444481259460459,-0.14315634271850133,0.645366031489682,0.09237385698892547,0.2761216510588144,0.09040568410475426,1.2844879229863484,1.298383633295695,1.1982431513748515,1.081068240634767
1987-05-31,0.9091006586772378,0.31113967565724265,-0.45451159242222183,-1.5399799271287058,0.288919549684786,0.20534362302450837,-0.4313906202926487,-0.28346051050240556,0.5849926964758393,-0.05236873745129519,0.3200310798365502,0.20764030557988378,1.3312570651372273,1.257898489634196,1.2295822339892455,1.0315274241227599
1987-06-30,0.7189095221055465,0.4109121430950937,-0.27619862234170023,-1.2577895225116063,0.37165736006818967,0.03645906051660386,-0.06530107887603838,-0.3933264092435369,0.6131018440728683,-0.6033277652206417,0.17950460638224863,0.43229757813449377,1.4192265272140503,1.2719860871632893,1.4400180038448342,1.1334489004971706
1987-07-31,0.3330776865323611,0.31541819021813017,-0.14531512974473051,-1.200369400470885,0.3718738801033373,-0.2579290622960256,0.38335617678033335,-0.5086777939926844,0.6536673390952309,-1.3686883807188632,0.10948104151783605,0.5067741654634385,1.5430331230163574,1.3405125538508098,1.6726912013289879,1.3231049248807942
1987-08-31,0.03684238798757914,0.3220169125138901,-0.022307891320112894,-1.1085902872153557,0.24368261079721357,-0.4067695674749033,0.8226884238964148,-0.6542752658193346,0.7259825177063508,-1.7468632853630284,-0.1583403589208441,0.2703099346415495,1.6590207815170288,1.4957857131958008,1.7850651081317401,1.553287075545704
1987-09-30,-0.12793647624020957,0.25643049237539994,0.04868907684118754,-1.0409213935585042,-0.05018558525230271,-0.5546100180147713,0.9897226746226006,-0.6962207244985349,0.6421110141750027,-1.780946828217979,-0.2559148331860083,-0.009307101569035378,1.6448042790095012,1.5117023785909016,1.6773624432956034,1.5968119415038922
1987-10-31,-0.22135246280578239,0.2255274193823434,0.16888759192297723,-1.0046774763330044,-0.15829059682755395,-0.5313794443743457,0.9731833703171269,-0.6026416958158004,0.46821031639658894,-1.8502253204083285,-0.2573242200107047,-0.17962097686900078,1.6093878746032715,1.4135315418243408,1.5812772576068441,1.534454343194331
1987-11-30,-0.5154390616354391,0.15152957516080318,0.1699991885926241,-1.166277454941635,-0.07234785429026354,-0.6575240042985357,1.0034809858142641,-0.4192083941634524,0.403550136173835,-1.8435148696984125,-0.22539678783957987,-0.19975282395804808,1.4410427808761597,1.192839006582896,1.4247723898096012,1.3464981008028378
1987-12-31,-0.8308615547563796,0.20957833684184743,0.2500893308777929,-1.2710611468063613,0.13925952107721776,-0.631981958272386,1.1561229350929787,-0.4550505620178565,0.40496794569944156,-1.9735337867013065,-0.25372821534342666,-0.24023396448403433,1.1627241571744282,0.9092652599016825,1.2453505884794616,1.1228254737707362
1988-01-31,-1.0416167579583977,0.2716936468905638,0.26811357531624075,-1.36900690312567,0.29236237422560835,-0.7912889336347123,1.3546003519844547,-0.5574634526263454,0.5144598088719855,-1.9334578171638037,-0.4690179113117338,-0.2010652663300814,0.8354146877924601,0.5928036371866862,0.977475214665267,0.9043057566336788
1988-02-29,-0.9707028169073274,0.29479064316633274,0.1353859135774693,-1.2403059599438562,0.24716047343331504,-0.812125346050251,1.5804066689246714,-0.5178135105074566,0.4767562550973315,-1.823051445168575,-0.6582293101622223,-0.19594433062734998,0.5043612470229467,0.2849353651205699,0.6747086213083436,0.6709052330350028
1988-03-31,-0.8263857568622921,0.21090397260523686,0.10016486788850561,-1.0124943043542964,0.23280148488959848,-0.6633342500968461,1.744484900628125,-0.33487170338725725,0.4419073264528757,-1.4403384427706676,-0.6548238354123205,-0.19432678735845207,0.20254062612851462,0.007471983631451924,0.29380217408733406,0.40601004210139974
1988-04-30,-0.6775247354535333,0.09023862916844676,0.04514754823735815,-0.7906023991021772,0.12968056938243366,-0.4027374230879394,1.8079782715117652,-0.0862883536598924,0.30140133948754877,-1.3649232063826966,-0.5662432694411068,-0.1102919939414543,-0.14885994791984558,-0.23700685799121857,-0.07106938280747448,0.060658307921709786
1988-05-31,-0.5689788167091792,-0.19049040764433986,0.03612239332740305,-0.5773477816172047,-0.002599120758334896,-0.15470628814535364,1.7428427957290638,0.1827911334931557,0.12791967724514686,-1.382825872288454,-0.5577490690475801,0.0405946598567349,-0.6951576322317123,-0.5848878473043442,-0.7648993812164576,-0.5585601321510457
1988-06-30,-0.34509815766520796,-0.31003474825903804,-0.14567277997953662,-0.4160221164197044,-0.2330438120305649,-0.1223427737047495,1.7789784130279678,0.5312834676426261,-0.14581806220825005,-1.4422664596724495,-0.7435223216408677,0.19632937392275474,-1.144024908542633,-0.9426615238189697,-1.1545431109478346,-1.1048239900443366
1988-07-31,-0.08512010176422101,-0.4197232323478867,-0.2922549862748188,-0.21252505458993087,-0.34958305122107136,-0.012933980152219656,1.9130020057885961,0.8875449275626522,-0.2933287643708254,-1.335484455885851,-0.7530511476976328,0.26779114093840106,-1.486410140991211,-1.268211563428243,-1.4075174969253108,-1.5016906492120021
1988-08-31,0.2438856785702277,-0.4844423432761705,-0.3782983782793381,0.027864117206405786,-0.43011577703067,0.11797900626060905,1.998115987239873,1.2418350859058664,-0.509282147548821,-1.2676499851280043,-0.46143645444835785,0.2713400739293115,-1.5233251651128132,-1.4378739198048909,-1.2523903297734593,-1.5285490217429916
1988-09-30,0.3395308032121627,-0.584390960140065,-0.3960858622832453,0.2726375605397547,-0.38609298337039694,0.2849657280233722,1.8673999742146303,1.5080267755691736,-0.5980867329887448,-1.2894539566117622,-0.03090383646325834,0.1299418387704858,-1.562858780225118,-1.5456547339757283,-1.2215576631966436,-1.514377197337528
1988-10-31,0.49851579871228996,-0.5671350925767595,-0.5359530731992835,0.584988265604343,-0.42242387304725487,0.3465899553015837,1.6796341093919087,1.7281939467573437,-0.6218489616871933,-1.2980382964234283,0.2796491950048513,-0.09153563288149702,-1.8009781042734783,-1.8303841749827068,-1.553363258311654,-1.8242849783474984
1988-11-30,0.5641429924219201,-0.44391433876494896,-0.6637286929155854,0.8441766604901514,-0.4674454973451936,0.5210702415526957,1.5119453712085085,1.7873012970908793,-0.4902395358972544,-1.154535982713257,0.40521947823362575,-0.23516116138468676,-2.051609992980957,-2.145448684692383,-1.9011666962596754,-2.205892945414297
1988-12-31,0.7258385376144142,-0.3443122474110223,-0.8643965803128503,1.0438879918105706,-0.635228155619327,0.7786998153052007,1.4765455178176172,1.792874646355001,-0.5070802158378727,-1.1010004931608361,0.3942754990795594,-0.322117129316303,-2.264237562815348,-2.380159775416056,-2.1873228818112316,-2.4685796724208005
1989-01-31,0.7871784420208509,-0.25927536901400305,-0.8496254823265486,1.0074861496230667,-0.6099872834457367,0.9262061505021602,1.3593082875194904,1.8631532451651964,-0.5530236983768552,-1.048099269848861,0.31879403525023814,-0.31007377927800256,-2.1848158041636148,-2.2534727652867637,-2.0598723289001555,-2.29901315718568
1989-02-28,0.7203580539311679,-0.1984862799174331,-0.8384979826533375,0.8766134768616499,-0.5676917752854836,0.8777772649453728,1.1032107601922316,1.8831279032961428,-0.6180423568955664,-1.1328830012857762,0.3716116565799546,-0.25588432301807984,-1.9006274541219075,-1.9380898873011272,-1.7542944761016053,-1.862387556852022
1989-03-31,0.6102019442155894,-0.1753634531577376,-0.6849519341417721,0.6699898222680188,-0.4136719104188417,0.7579389401389204,0.6265188572224957,1.6563627626434547,-0.5963397686449715,-1.0449609213126396,0.3979708394577453,-0.08784709544262508,-1.5845518112182617,-1.654801646868388,-1.4655798637990924,-1.5107417269471703
1989-04-30,0.5690543016288464,-0.19466555025317775,-0.5644226083464524,0.394776477430345,-0.2640191729634265,0.7956050149707653,0.13961149662576,1.158489677701222,-0.6263843216179109,-0.8110878177339161,0.41356815659393203,-0.07344665506171721,-1.266838788986206,-1.4197763204574585,-1.1786856830477226,-1.2240935055434135
1989-05-31,0.6615659316388517,-0.14173246309527246,-0.416549545727183,0.21543618939638207,-0.11692869752636915,0.8439687970842855,-0.18881586962906816,0.816954866288922,-0.7797928792604054,-0.6586644891864746,0.44458976832251945,-0.12008151502597912,-1.0811967253684998,-1.2346704602241516,-0.9334513964017782,-1.0798856970951036
1989-06-30,0.7589505210691855,-0.03703969368722002,-0.3025214423675475,0.2101593485092673,0.015343791077558113,0.7564150862616229,-0.7104614471526224,0.4419408399146023,-0.871521336621529,-0.6169904522437416,0.6060422346342794,-0.3594066467809783,-0.8315939903259277,-0.973911722501119,-0.6530580863711068,-0.8893977561075598
1989-07-31,0.7340712839206914,0.13410542240379705,-0.20771155047726167,0.391648273468268,0.009668500136927044,0.357615280355052,-1.277174895964798,0.07551307997536372,-1.0642834514710167,-0.5188760771707127,0.7985424177567744,-0.5539598572322639,-0.6165648202101389,-0.7226354877154032,-0.47539918175520895,-0.6787781627095173
1989-08-31,0.5705229630272667,0.24779926725280008,-0.08764904814532448,0.5253555722457396,0.0457848878331637,-0.036584201052250465,-1.9389249178864787,-0.48819946083976945,-1.092882690384782,-0.1550991066671057,0.9460927790006101,-0.943593299526683,-0.5084502200285593,-0.5523762504259745,-0.3742388299477654,-0.5631125303406788
1989-09-30,0.5038717243789209,0.32481079767442567,-0.04178783974525017,0.3911385916355905,0.020616867209400386,-0.3452788353228488,-2.1939882369429737,-0.8333103608829582,-1.048824183229048,0.29614147011334585,0.7670379907861525,-1.0787319463266434,-0.4786980350812276,-0.430081566174825,-0.3632744121692424,-0.5288450504566699
1989-10-31,0.44524591161665245,0.2799484210838617,-0.015759790292261645,0.17197307829075367,0.10788244826172257,-0.37849436271541803,-2.195122577665598,-0.9175188833207644,-0.8976669368454798,0.4043771030331986,0.4958909310471931,-1.0647162593941086,-0.5166687468687693,-0.4202539523442586,-0.3814011717487478,-0.5506509914168481
1989-11-30,0.46363204489074367,0.27297672005893575,-0.00957018699113405,0.09885306574105446,0.1313296123906651,-0.405078227181023,-2.074515135063844,-0.9819381309255483,-0.9104692554275072,0.29502816400378845,0.1504045778544456,-0.8638975711820849,-0.5632711350917816,-0.5136598149935404,-0.439579144406462,-0.5610994136846849
1989-12-31,0.39492387234523446,0.34234965444069543,-0.011488613458316324,0.20437490498967806,0.1357807967845922,-0.43662850811159615,-2.041357244189469,-1.0485067454766994,-1.0929217757992495,0.0498879913143741,0.15801763896978652,-0.9101289595099941,-0.5142473975817362,-0.5254067381223043,-0.37272128740734956,-0.4626931034619992
1990-01-31,0.41082302581672253,0.503357590748481,-0.08632384880992865,0.3151861982698933,0.08937565117258643,-0.5444932774084568,-2.007323060484322,-1.201630562063032,-1.2569962977883062,-0.006385110609169212,0.36853824209259917,-1.0846439756907251,-0.3612280339002609,-0.37607918307185173,-0.07603485295817984,-0.2921113267777447
1990-02-28,0.46659033063607985,0.7633152960225535,-0.16957895838313716,0.2998189448125124,0.06046354843850658,-0.704686693073146,-1.8700458082169706,-1.0742174704538447,-1.2664480858783618,0.13681335363535954,0.572232642197482,-1.2604567506465472,-0.11359366774559021,-0.08392203475038211,0.18993107583010205,-0.07759332313928557
1990-03-31,0.5749051676250844,0.9243749594290772,-0.04834664550452352,0.33482586587443014,0.01506120028092603,-0.8313747164077236,-1.5859311289642324,-0.679697015852576,-1.1118821511395092,0.3746038368923668,0.7061037433458094,-1.1824684920278508,0.06759581963221233,0.18167813991506895,0.3138636482947212,0.0414514153914177
1990-04-30,0.4178011582726757,1.0213810305190527,0.18936343644205367,0.5305525327982908,-0.11983126062099109,-0.9668341948167843,-1.3450428134685313,-0.007974243891786248,-0.7355983298548914,0.6155343921155989,0.7108663341184229,-1.094917273516513,0.22451827426751456,0.3164975196123123,0.3269145134520033,0.12652163500901467
1990-05-31,0.04984582146744554,0.9311024677794572,0.5143106313128064,0.7698503825643391,-0.1623172793612451,-1.0668596950095708,-1.2825740831130201,0.6164904753002636,-0.38816318313092024,0.6821541394388273,0.6693117221212246,-0.9650912436522477,0.3356565535068512,0.36022238930066425,0.4014493953680052,0.20022292014012977
1990-06-30,-0.2830496588411611,0.8538169408983288,0.6451241684976698,0.8605117329519983,-0.2198731250058454,-1.0039934376033255,-1.2170588397874358,1.1107387402619855,-0.2596101856689127,0.5680639591991177,0.5204912038874903,-0.9178796692911989,0.33334264655907947,0.23465988660852113,0.499849710909898,0.2043981222668675
1990-07-31,-0.4567171395824931,0.8147149286453308,0.80242898474676,0.8076258154129049,-0.2567398087403618,-0.8731639601760378,-1.1578168950393504,1.2948645303741084,-0.2192085125076927,0.4711826199485844,0.458020608884215,-0.735824980792052,0.3368909905354182,0.1357771965364615,0.4803614051487137,0.17240156145010177
1990-08-31,-0.43900858372240376,0.7041225911843244,1.104500676301735,0.7764634661087634,-0.402497002974822,-0.7330455712072931,-1.0675296829150358,1.3898230874281066,0.04705217623618522,0.2449102285120134,0.32861703371101275,-0.4527651163409354,0.3176868408918381,0.10366764788826306,0.458603004261722,0.15133276201718762
1990-09-30,-0.5986833071141604,0.5352256458630891,1.4398417252525182,0.8648994297859142,-0.5515612101129208,-0.7708647049537062,-1.0066835673521937,1.4824642754148878,0.33826063295883985,0.1264101960961765,0.33563422581314883,-0.16252210781457077,0.2841167350610097,0.1116172547141711,0.4088529722020846,0.13508632201920442
1990-10-31,-0.8368239151305005,0.37730655206276537,1.7567767763744586,1.0841129852648788,-0.6361307013109262,-0.7311768984231558,-0.9578203838618996,1.5931352735900315,0.4596209365119555,-0.07393630282234019,0.32917137340695607,0.14693620884762057,0.18776129186153412,0.14584974199533463,0.40905304487659394,0.13895836703361283
1990-11-30,-1.1973500706776947,0.28222275707377914,2.0159738608776916,1.231368272467689,-0.7043462662597739,-0.8037906133358709,-0.750920552402453,1.7216565594658733,0.37050776648089445,-0.20943754257292627,0.4860956519265274,0.2056612618105016,0.04003501683473587,0.10769310096899669,0.3045940977868072,0.0903848709804939
1990-12-31,-1.4891480032860736,0.18173327943853446,2.411145436910491,1.3816853759098233,-0.7024015327209981,-0.8785129806044637,-0.589972095722044,1.7794415446783711,0.3437473452413755,-0.4622071972261715,0.7168319234308536,0.28205228044852726,0.03340531140565872,0.1891614024837812,0.30513347884894865,0.1743146518775717
1991-01-31,-1.6201046292411316,-0.03495440600579841,2.686541124246595,1.5078993516241324,-0.7105425815688552,-1.0335724189353848,-0.48551837202710857,1.7602235614589372,0.4962101457283275,-0.7393429077696313,0.8161029384518678,0.4029442196136013,0.11810310930013657,0.3231868917743365,0.3331833011723533,0.2905501463030515
1991-02-28,-1.608100369415211,-0.2622308006283197,2.7280217855151645,1.6485699119279726,-0.6673757796347447,-1.0133795322124433,-0.3731297859903307,1.6995389130578726,0.6234122063866915,-1.0436312239359067,0.7638972533939272,0.6228384825273339,0.19410318632920584,0.3940369188785553,0.40479920307924383,0.35737918604613483
1991-03-31,-1.5932399503431813,-0.34806648028915826,2.4579564004146213,1.6016143242055974,-0.6125070319511985,-0.9496259194388972,-0.22811949684464547,1.40967655334372,0.7427442043406506,-1.2029567870563593,0.5222551356370789,0.7565301896582043,0.21813111007213593,0.32146940131982166,0.3900985260483442,0.2813878507498358
1991-04-30,-1.4572033107391842,-0.33445835453374473,2.1133455239611822,1.4398698567105033,-0.6858536594434553,-0.8320721946430023,-0.0699093484601833,0.9379064283991333,0.7672471910173311,-1.3031451884801781,0.33461660587313924,0.8370864918640972,0.18842210868994394,0.17551009356975555,0.36531892720604286,0.19785314764224984
1991-05-31,-1.1346026608227768,-0.28862437721816386,1.6951218500299758,1.1286147224421381,-0.8176894317208446,-0.7531802598072144,-0.09409356220097076,0.3919950602236706,0.8713237874193398,-1.360791596227295,0.40435136371129987,0.808306326044797,0.314031442006429,0.21765020986398062,0.4134551954527832,0.26717511903264973
1991-06-30,-0.7952310580191687,-0.319051097580012,1.0296615037888501,0.7528644264665386,-0.8862578319321647,-0.4521183340732968,-0.21609353343040882,-0.19871326619114935,0.9369572355175891,-1.3823317201558936,0.7062403340702774,0.8969765484010392,0.505532701810201,0.3844505548477173,0.6055025326121858,0.524888265509495
1991-07-31,-0.5619448640725156,-0.44040027302033974,0.34013893158503244,-0.1830172483995621,-0.6570614800416483,-0.18654222579349375,-0.32630155429737867,-0.7277280980862627,1.0184998167165726,-1.4684069311400052,1.0462164239295926,1.011105018065015,0.7235951622327169,0.56878329316775,0.7804888431326567,0.7223961920630111
1991-08-31,-0.5361064108582562,-0.485794859992075,-0.23457638340985618,-1.0516963400290242,-0.4685870126187956,0.08532050879213245,-0.49713007534181025,-1.2815456527055769,0.8700743869002235,-1.302547290239611,1.1335081729047582,1.1619522025077822,0.8231728076934814,0.6328307588895162,0.8831655129694563,0.7463091184597704
1991-09-30,-0.3749252007452488,-0.5578508649113342,-0.5223516914960371,-1.6875155846500067,-0.35910193674364527,0.22526270917846516,-0.5829635877771882,-1.594395380309502,0.9097018547020381,-1.1047281067507748,0.9957504046908473,1.251384071170414,0.765363077322642,0.569950133562088,0.8020197451437964,0.6038398547115684
1991-10-31,-0.15739142823171287,-0.5849141675591272,-0.8272333423645938,-1.6988540517760997,-0.4043097678971998,0.35092916290390147,-0.5533202458868357,-1.7318843051625974,0.9346255786125971,-0.8810917822667319,0.7048280652682121,1.1671713396364218,0.8174427151679993,0.6283987462520599,0.8500200546138603,0.6367492349455856
1991-11-30,-0.005461840293698203,-0.7563652931094765,-1.2091122703361534,-1.8875168853722204,-0.27756563094571096,0.5206413217656656,-0.4020552111130267,-1.8067587664047793,1.176499775715982,-0.9251274139882742,0.4822330918550593,1.0360906034456847,1.0158481399218242,0.7572624981403351,1.0218906000890442,0.8570598782349976
1991-12-31,-0.04606599507088244,-0.9793348595895708,-1.4612903806319586,-2.1829154961182025,-0.2086759305518667,0.5799780142003325,-0.21949224781713175,-1.8532776350654931,1.4075601865620626,-1.0789640382851633,0.303822674715317,0.8412799421919726,1.4519813458124797,1.1124910116195679,1.3994959633182622,1.2700409583236973
1992-01-31,-0.13109035965555382,-1.2089580455686746,-1.502017107632667,-2.3550879653664367,-0.22153954966193343,0.5706235098726358,-0.05607457812417895,-1.9028945015384877,1.5580007450544227,-1.1797795372989783,0.2987534276823765,0.6259701275190237,1.7904253800710042,1.426531473795573,1.6563033626410582,1.5495651502492933
1992-02-29,-0.11067029563453644,-1.4649778668110605,-1.3479666609620395,-2.1702746528876675,-0.27698694824821507,0.4472495200273352,0.1287280595728916,-1.9043256431762208,1.6014313683559036,-1.1448667050897752,0.44667980268316443,0.4126629942374638,1.997866113980611,1.750309665997823,1.7834832105902174,1.7178983771394087
1992-03-31,0.15578694950274638,-1.6370285368726567,-1.114041153492278,-1.7097586433704723,-0.24049626075900987,0.33127331751634903,0.21458551048432128,-1.748671734417907,1.5062364610244472,-1.2240159468798995,0.5445492284443856,0.15986270668364846,1.9424981276194255,1.8346455891927083,1.703368606720585,1.64224939225005
1992-04-30,0.23252804649246994,-1.6315786190625905,-0.6439955459740389,-1.284074612333831,0.05077727567543353,0.3004474611671641,0.26773091139657795,-1.4688283808213984,1.470008156875738,-1.4110259114930244,0.5219414461246203,-0.027534347915259577,1.7614701986312866,1.6759575208028157,1.5403889476743349,1.4722162470149913
1992-05-31,0.31225847920499344,-1.3131914659338004,-0.29437796980337655,-1.016051681629157,0.09615072652090344,0.3761962029357357,0.11763738503211818,-1.246512270003477,1.48245728436884,-1.6416218800259166,0.4136370072781075,-0.15395228490796029,1.5055451393127441,1.2774449785550435,1.3438172305497813,1.2366457266316073
1992-06-30,0.14994109900257088,-0.9252891692931042,-0.01704276458597514,-0.8485403961445854,0.1578852403913206,0.4747673221140658,0.05554310506617069,-1.1397463549616171,1.621435111119209,-1.55992084842767,0.36487716974263434,-0.29393683035865276,1.1851489146550496,0.8008003632227579,1.0175925263115262,0.9210732158648273
1992-07-31,0.1956056902289985,-0.6063901228475673,0.02075831128315639,-0.7720563843755702,0.11068634634839226,0.6541153516500892,-0.05014132742239691,-1.0468392844701577,1.7414583617978145,-1.079142533710941,0.4357384397526143,-0.2373900164673031,0.8793893456459045,0.45727012554804486,0.6800480954102576,0.5853235214383145
1992-08-31,0.19036492796276605,-0.3793665456381392,-0.04363316214689451,-0.700670045158449,0.28680376574804267,0.7381136767128776,-0.08938014428823082,-0.9822669042653903,1.7392539820328559,-0.5682077003568663,0.4327610350595581,-0.07611730112822176,0.536044696966807,0.18593578537305197,0.24622736858734293,0.20469228354202354
1992-09-30,0.20020427653459916,-0.154862489246352,-0.21060754616919605,-0.7734493195070608,0.4256787193508082,0.8771097032668876,-0.14859644921319148,-0.9474060550667455,1.3071904058340968,-0.08063019652353072,0.374980550769445,0.09008830585414439,0.2790278937900439,0.06118125716845194,0.005864078130873372,-0.006385020674078766
1992-10-31,0.12275145365306156,0.019446657401753182,-0.43970022306457945,-0.8876430278695767,0.5447330285555682,0.85334140683689,-0.21443096864797648,-1.0858638458654202,0.9409804932370661,0.0013398870051632105,0.11986388391603238,0.13301518546109073,0.05599007472240677,-0.10240425666173299,-0.21855090657220508,-0.1989269066542609
1992-11-30,0.04046109424223919,0.10343892521273847,-0.43537578227025314,-0.9888354399500429,0.670672646357981,0.8521213508239702,-0.09662369883258838,-1.1585801626552896,0.6698614120786174,0.03703139619064124,0.002568530819662245,0.2256294940229748,-0.02849301420307408,-0.11414064715305965,-0.229712601549493,-0.23238670980527923
1992-12-31,-0.06732214533472367,0.08148251625888399,-0.4346220136195489,-1.0301628538512604,0.806782369014373,0.7581892032383802,0.03482933074226461,-1.1790674039170865,0.8049233917709083,-0.03295510481858718,0.01374578153011774,0.4916870725917389,0.027702101195851963,-0.0289873406291008,-0.14798984253350636,-0.14640398137229432
1993-01-31,-0.19487090706250212,0.14940318615558387,-0.3872131588419929,-1.02945967154035,0.8390698318723029,0.636061938085919,0.16492399801141142,-1.0411414554322986,0.8437470305929806,0.050603996942304,0.1787484914590948,0.6607607135211236,0.12908042781054974,0.1847866748770078,-0.027847319360827193,0.027483829666608506
1993-02-28,-0.3450429474357561,0.2766262914884447,-0.4363958743775509,-0.9583617719548491,0.709140250364821,0.5338954973657198,0.3903236446023742,-0.9509111128306279,0.7931224768171012,0.1219639927167885,0.18241942575614997,0.5787405849799058,0.24024884402751923,0.37561895946661633,0.08838966463257493,0.1507527622636725
1993-03-31,-0.3698929817765473,0.453179951512327,-0.6539844856599774,-0.7369742725524042,0.5370450203449272,0.38197272054125014,0.6669283035039294,-0.9463160773871305,0.6042038362018711,0.2613066032773805,0.07715152751788786,0.3876103827765131,0.3750172009070714,0.45117056369781494,0.15362463529817957,0.2575871918851171
1993-04-30,-0.2936341209084145,0.5490618316244736,-0.8107373658783668,-0.5601011224397255,0.4179874051255315,0.3637253638990206,0.8833839736156824,-1.050856054444689,0.4564674402174997,0.3077881986326023,0.029098197237896056,0.0029255898469315866,0.5903792281945547,0.43615644176801044,0.3578611769121857,0.44038888865672704
1993-05-31,-0.10546839188309325,0.6665947396793772,-0.7655773732301613,-0.4979809257613066,0.24189119439566628,0.29414850886731264,1.090758367420569,-1.1960211693369627,0.5867895947606057,0.5212285842752289,0.051597180563014045,-0.15207242730483853,0.8076845208803812,0.48478346069653827,0.546101649077519,0.6804223170993229
1993-06-30,0.11060804323518914,0.6854537713575718,-0.4360224020750429,-0.5337074109497703,0.04554349666214794,0.2730375066268967,1.369728323257645,-1.189379261987524,0.7103897275831587,0.7229014127723143,0.2642980542798444,-0.2936930731993978,0.9131780465443929,0.5602063834667206,0.6643431667027961,0.7701811115999743
1993-07-31,0.30148411454938756,0.7159945731652755,-0.21744747288937336,-0.5205872643664174,-0.3318779936704595,0.215090504952928,1.7150442923084077,-1.1075323159938668,0.6458993749769307,0.9801409778896913,0.38226615087649335,-0.21518400407652663,0.8622004985809326,0.5926718910535177,0.5616511644513739,0.6686726646987925
1993-08-31,0.40426578523576273,0.6465293508365443,-0.17933634036989768,-0.4377207924347895,-0.5456847186223278,0.07637507545675924,1.7600294107363157,-0.9668942494841185,0.4302086521096697,1.0676267251185247,0.3179249322804294,-0.2666035559028767,0.7101936936378479,0.4268513818581899,0.358629979756009,0.42886261933568615
1993-09-30,0.4543206277067049,0.6657593658487179,-0.19252770348624226,-0.3896158235409522,-0.6855569635000762,-0.001854635528629379,1.4952373218469523,-0.844547477826337,0.3468245835346873,0.9680685594295215,0.24862712874967485,-0.3328929014901013,0.6111172437667847,0.35976943373680115,0.22302355674420304,0.3144602527733312
1993-10-31,0.4327725103885083,0.6941707098255901,-0.15811270687351112,-0.4044249629934064,-0.5521987867163135,-0.12292626565011555,1.1436348280951247,-0.804261061898031,0.32913947264623694,0.6993879383095027,0.275876870842017,-0.41476867039430626,0.5324677924315134,0.29379329085350037,0.23277381702817812,0.29805489419007186
1993-11-30,0.4222115920189155,0.7615554316828531,-0.10324280171802598,-0.4262158165037418,-0.3974412200815063,-0.08474745437777652,0.8870361652205032,-0.7405838212539466,0.11803172398420576,0.5051309860499994,0.45051260290384465,-0.32658696548192684,0.46962785720825195,0.2939546008904775,0.28818628436112737,0.3564762756479462
1993-12-31,0.3700551774195418,0.8805101666977474,-0.1091634622884456,-0.5123221147760083,-0.28423399154516066,-0.19826422096436555,0.6583859561943973,-0.7404884645065483,-0.21340260501098282,0.6214491774354917,0.40041415495598526,-0.2011200312448306,0.3413666635751724,0.13657007614771524,0.2782035734242458,0.32532887503186064
1994-01-31,0.3518914579469828,0.9544559273780885,-0.18390675235015327,-0.4765028042754089,-0.33058251014297163,-0.29716903951501633,0.4965064824071175,-0.6614133863371883,-0.4602024897305583,0.8151703121473388,0.29896292577053524,-0.027707581923911973,0.13325358430544534,-0.08944745858510335,0.1007766108026159,0.1751419062011488
1994-02-28,0.29289849099251924,0.9822935355520284,-0.3038421365095899,-0.43656979468643176,-0.4673858773801139,-0.3495048214697502,0.2697819559669432,-0.548766082267084,-0.46077851043655177,0.9149195926718753,0.2283905489283354,-0.05743612362273578,-0.04944933454195658,-0.27160677313804626,-0.05975171719778291,0.030968627817717125
1994-03-31,0.23906023076649185,0.886368807052277,-0.36200965810652996,-0.2858652301782259,-0.5689808116523724,-0.23846225922722697,-0.16697754769964349,-0.38636800025004286,-0.502873847587409,0.7046947156550504,0.35525507746779383,-0.03750194197743078,-0.09770948688189189,-0.31678315500418347,-0.137115770791265,-0.0369947854892213
1994-04-30,0.20317884497294955,0.8172479236907161,-0.46210263009438424,-0.21098810546126937,-0.6695261080283359,-0.2498600562365916,-0.6339114864881724,-0.26142055894694377,-0.6102004434304794,0.5623911077634279,0.40743964579088127,-0.016012957769942052,-0.03598206241925558,-0.27623825271924335,-0.09911720676361903,0.01967723606148906
1994-05-31,0.15819379883404344,0.639105222428798,-0.4154776147306822,-0.08839702777726711,-0.6898633104078168,-0.2932142741100477,-1.0811830892097978,-0.23634430910470916,-0.9391709125590157,0.45757455719795104,0.43498366869922145,0.027166895112347027,0.08373306691646576,-0.165116585791111,-0.015250058322937134,0.1030366482420758
1994-06-30,0.03547591509716614,0.46068600267858906,-0.2540602909909968,0.0010107755347973184,-0.6346918823172122,-0.28443634890320163,-1.4434631410976682,-0.26887358253286725,-1.105206584198161,0.4076004079719448,0.3274976895587441,-0.028667172487908146,0.1696436107158661,-0.07787744700908661,0.06404282079304192,0.17275847386802257
1994-07-31,-0.07947733253309268,0.23075063895257183,0.09997594360159208,0.06302019878343458,-0.46922583936152895,-0.1623966747995326,-1.9530025479692448,-0.2518269648942131,-1.0491258649900213,0.33951832556463435,0.2698968579237137,-0.17264071938631972,0.2639823208252589,0.0035074861564983926,0.06860211039532847,0.13130421632606756
1994-08-31,-0.17834755872197197,0.07795730093980056,0.444561226645634,0.10912342825757411,-0.3645862649805331,-0.12310214457173073,-2.4108617069382206,-0.17765279706966783,-0.9043935394164951,0.2845188591791154,0.19735396827915183,-0.24901691472858736,0.4252977768580119,0.0993195113260299,0.15348049840739617,0.19999400042765555
1994-09-30,-0.16623243047873396,0.017628091883430678,0.834953177953237,0.22464621785470543,-0.361676771344152,-0.188256859670605,-2.5588953202026854,-0.11289840244654353,-0.8454411383017479,0.22619241605388682,0.1851963730926263,-0.18115489821153566,0.45893802245457965,0.15211393552211425,0.12054126270512512,0.19051842744232161
1994-10-31,-0.16747598376534034,-0.042905702183170163,1.2042466528032396,0.27149814375318576,-0.4488493732602972,-0.3136844575037321,-2.4782001359978554,-0.12128941201253401,-0.8897468422334089,0.07134249754271556,0.2921431283446108,-0.1229213531436996,0.6265803376833597,0.3975493411223094,0.33948836079322214,0.4480686830223333
1994-11-30,-0.1610057974989291,-0.01595084601442399,1.452853352630516,0.332876980840187,-0.5043003077585828,-0.40438257101053116,-2.2817262951177537,-0.09168633115352552,-0.7769899944407325,-0.059112410479525056,0.48558995210528466,-0.0301814539012462,0.853472908337911,0.687220906217893,0.5793522442936023,0.7170888401176275
1994-12-31,-0.17284063004534286,-0.002429823967014693,1.6898009597980064,0.38708785290210024,-0.44058595171310583,-0.38442649948874125,-2.1455592634738374,-0.028464633427969895,-0.7059455009137064,-0.13151582423222616,0.6352879145311214,-0.023439662649015244,1.1362512707710266,0.9028216004371643,0.8709245788005923,1.0224934605266773
1995-01-31,-0.2166407241028472,0.025741023417271375,2.0151350350057253,0.5736707264990167,-0.3377303026418901,-0.20863594736791882,-1.9131103429548484,0.14076549586750245,-0.8750288973989903,-0.1071281485435809,0.7490397414822302,0.015159132176918902,1.168600857257843,0.8696087797482809,0.9142369116727451,1.0575751370762545
1995-02-28,-0.19449920186336925,0.02964109160861118,2.211419359233854,0.6974140900274078,-0.2455848895414189,-0.015976367095640067,-1.7634187675921587,0.2898069359580658,-1.205945626349848,-0.11074033044962972,0.7122181034028179,-0.06750047208450798,1.0164549350738525,0.7033677299817404,0.7937839066842317,0.9106535019058274
1995-03-31,-0.07444618071124758,-0.0243620505273294,2.084678235963773,0.68972629514196,-0.3216546429943457,0.1352572975035077,-1.4243078571341476,0.33090791204349634,-1.4144946127043747,0.07217544704390778,0.5985159580346681,-0.2188945827866283,0.7420329252878824,0.49787436922391254,0.5505966531990419,0.6442065802478423
1995-04-30,0.18570119453015943,-0.1726405784140518,1.7240698295182189,0.551005477015877,-0.24457267821169373,0.2053810206315306,-1.1827535072183177,0.2897280251296026,-1.3297384760721933,0.4092490273642011,0.2954676623179478,-0.1702497142879067,0.48661506175994873,0.31495025753974915,0.3670829157097346,0.405739397362811
1995-05-31,0.3406097019053511,-0.4118737694042128,1.455726511965701,0.3691705842763681,-0.05378996378299187,0.31665253722341774,-0.9593756941836755,0.06816657207033283,-0.9050452545737547,0.7691523447978756,0.158967901071868,-0.1652013451765849,0.1278899610042572,0.06449983020623525,0.058234451689655575,0.08500790300799348
1995-06-30,0.42058366896398053,-0.6422052296260364,1.2448607767474942,0.1558511140326877,0.1451788856524451,0.347439397424961,-0.8114872825281981,-0.12004555290131202,-0.5217727953509501,0.7375354294809986,0.23954727343677532,-0.18638933767598007,-0.05438374727964401,-0.04813280204931895,-0.09451690280539786,-0.08694474357867327
1995-07-31,0.5744457220366402,-0.7866525021798133,0.8189812201820117,0.06809534935832483,0.21655102141829977,0.42845409050170113,-0.6635807182106074,-0.20493330362494885,-0.2766995128835788,0.5925637894246315,0.5328807809379618,-0.2874769995591076,-0.15008490780989328,-0.09530322005351384,-0.22313838746999728,-0.18740832708669675
1995-08-31,0.8896205026696897,-0.8457347601656564,0.4365736849979931,-0.1892987520944709,0.17232299710110707,0.4463272951359812,-0.41229991468122934,-0.12736911802782375,-0.3538883756550486,0.3815734727855908,0.6029652919421898,-0.25436299579194355,-0.2278139740228653,-0.18352687110503516,-0.32878918192259365,-0.28718322697883686
1995-09-30,1.1902305380217475,-0.8063921326940862,0.24597467134321035,-0.3901772424652214,0.2459267987485887,0.486613964026154,-0.34295604086496284,-0.07381768829124043,-0.44688952087301487,0.37059973016302883,0.5958218191301389,-0.06026352198661545,-0.5403023685018221,-0.4552919343113899,-0.6054094524134412,-0.5493844216575045
1995-10-31,1.3588204081292965,-0.7870022388312522,0.19629858609542358,-0.6314668074399198,0.12935675484692305,0.5164180967007633,-0.3140210618276884,-0.12441679055669431,-0.3559435965972866,0.3602347046390871,0.5558994629857809,0.0587964391656709,-0.933314174413681,-0.7679918507734934,-0.9798191384055133,-0.9132028844881116
1995-11-30,1.520123893440988,-0.817746834322353,0.12966999302288745,-0.7746992915937806,0.11832335616016115,0.447947810768464,-0.3094347341628478,-0.12985036424321555,-0.2796190637226563,0.49266660361250647,0.6910145714678534,0.13313114931572942,-1.1914122899373372,-0.980536957581838,-1.1889389803955661,-1.124656735815968
1995-12-31,1.7545527724832113,-1.003739458605792,-0.0564857835725247,-0.9655917731703264,0.028326141010360226,0.39661274690870796,-0.20243133905649902,-0.09033717038694565,-0.21280255711387933,0.8274456841797715,0.8550114145337218,0.05893631306799633,-1.2347133159637451,-1.046817461649577,-1.2407429315871572,-1.2083579918506413
1996-01-31,1.9765967166590936,-1.1742174829631014,-0.12309689626976389,-1.1634236624082968,0.16310224980770435,0.265088671502398,-0.12916631809919635,-0.006570626245507129,-0.21663394996383797,1.1214373006099274,1.0187624647595692,0.037062265111769334,-1.1091902454694111,-1.019881824652354,-1.0998192655189074,-1.1012790631139293
1996-02-29,2.0373349162285423,-1.1493932133935618,-0.16920772685739716,-1.359311461465451,0.19703404350419382,0.1665211229180915,-0.0870468488087403,0.06283723214829032,-0.20947219775600032,1.1808756341944913,1.1386584606489603,0.07807235210048706,-0.9897955258687338,-0.9784132639567057,-0.9667589404752016,-1.0202641509690868
1996-03-31,1.7242302694861407,-1.0241426022067501,-0.07685695183235909,-1.5913201602202547,0.21090341018536232,0.31425620786402186,-0.019575378694237682,0.28307939113858643,-0.06471385174010495,0.9436828825744817,1.14559975965022,0.09006462145939215,-0.8083601196606954,-0.8267227411270142,-0.7663586941303961,-0.8482638500028877
1996-04-30,1.2111159280121049,-0.6685607977309108,0.15687922865481183,-1.8226218128940197,0.17912667385508704,0.35266115482878346,0.10112545976279345,0.4507002383325846,0.036164848319959524,0.8211781442055642,0.9506728173795712,0.19298243041503493,-0.6290385623772939,-0.6501190563042959,-0.5942849089104096,-0.694020881101398
1996-05-31,0.622352654287942,-0.4847926920349053,0.3947953059383635,-1.9303298459397136,0.15877881463978596,0.32286432908401635,0.07659212823846996,0.6708847770491659,0.08889091833051332,0.8955621429329019,0.8829101429406344,0.3390329337827342,-0.471545547246933,-0.47856393456459045,-0.5112715220382092,-0.5745588703751867
1996-06-30,-0.186321578668197,-0.27583051506537165,0.4491653733928633,-1.7489524720837017,-0.04340067411091453,0.01180819440211181,-0.017398081007193644,0.8905515469906037,0.013766554740892424,1.0672093248611976,0.9784207201531702,0.5439730493756522,-0.40361177921295166,-0.4306682348251343,-0.47290529026232475,-0.5062718748714837
1996-07-31,-1.0236105611659834,-0.2735186570014699,0.3965674394965783,-1.3812466433910588,-0.3099605584303901,-0.25364254880000897,-0.15741388243389878,1.312651717364002,-0.00245335291060457,0.9306336142328792,1.2062882722336334,0.561325324731409,-0.3660860061645508,-0.41123024622599286,-0.4058337056124835,-0.42880923512881824
1996-08-31,-1.6765736361537311,-0.29537495944787845,0.2640374220182183,-0.9094158474203423,-0.5377375602041224,-0.42620418298321816,-0.08336460747019821,1.6383093610277937,0.17979197977890368,0.8785706670523584,1.2397692873824757,0.47559696073401714,-0.3930864632129669,-0.37352951367696124,-0.3244473004349817,-0.3630828815372246
1996-09-30,-1.8912492746955696,-0.49201010126889494,0.087420147095526,-0.4866101720069838,-0.5436187710287919,-0.6240371614535479,0.019495790427452076,1.7517325780155977,0.355433189887441,0.8030103550233485,1.183781731370277,0.5136362963684165,-0.5033593972524008,-0.3504719336827596,-0.3127305093297656,-0.35984718811600064
1996-10-31,-1.9650283851251877,-0.6911025909815219,-0.0024970893637127367,-0.2833927492044394,-0.5246439876824714,-0.7601749544731439,0.1464731213411833,1.5595570078811132,0.518994321485254,0.8629140701348592,1.1733939309775139,0.6452483862351935,-0.6402797996997833,-0.36680737137794495,-0.4090824404952196,-0.4575698799685258
1996-11-30,-2.203881608951953,-0.7121234216933585,0.008247987810532561,-0.20180396747624663,-0.6216596196851739,-0.959549242517391,0.227523672617579,1.412383070617864,0.5548885967393613,0.8283732353806164,1.1433901217548377,0.6899912397254969,-0.7160367965698242,-0.41812148690223694,-0.4252252333756344,-0.5199634994014372
1996-12-31,-2.4243299494848594,-0.6410095205778035,0.09472588850338448,-0.3250347285336342,-0.7227779461370586,-1.1214092610970419,0.24510680211350344,1.301842932036692,0.5173523753394501,0.8284537636126816,1.0835438272133964,0.6996960136142016,-0.724800169467926,-0.4818539023399353,-0.44771392627068285,-0.5878550268416284
1997-01-31,-2.549902456247652,-0.6139687232921796,0.0623996264811276,-0.4795303256102755,-0.7143119404258221,-1.234955349171442,0.2301331731118479,1.2500026681434924,0.44108904809557276,0.7615469795490899,1.1030229626695265,0.7559683848366819,-0.7756498456001282,-0.5881612300872803,-0.45869280265827883,-0.6521368328694659
1997-02-28,-2.457924522746939,-0.8109754014446439,-0.04515617885962289,-0.6493660627090047,-0.6579670308371881,-1.1318960017496993,0.05729063261200603,1.0303205325914988,0.2982204413106066,0.4854955018898004,1.1627032469536926,0.9185882005478981,-0.6931079129378,-0.5937594870726267,-0.4559849988069639,-0.5995275345447358
1997-03-31,-2.3194263282951963,-0.9389758011201454,-0.06276140573491219,-0.6773617064209455,-0.4796454020548073,-0.9670756432618178,-0.03359576971290323,0.8134078461889261,0.28931637459908366,0.3037643599296725,1.0703468528585423,0.90222062879106,-0.49772938589255017,-0.4828559259573619,-0.32157502873478544,-0.44769365578440334
1997-04-30,-2.0943516180919657,-0.9608407882641913,-0.1347626886781506,-0.5924424532137212,-0.28143256699389335,-0.6396965583859789,-0.1152679293309179,0.4943954699339244,0.23470368989409984,0.32551912953802625,0.7342783072420357,0.7024373188476201,-0.07603906095027924,-0.13469254970550537,-0.048747405560335653,-0.15010259967848807
1997-05-31,-1.8965404660607899,-0.8808339064810258,-0.09085284632705613,-0.39628785318343834,-0.10779932774489598,-0.6450391143659878,-0.168085828219647,0.1274948988294851,0.1406232455136011,0.4688159105907679,0.472674994062479,0.5110312438673438,0.43140747646490735,0.3223685324192047,0.3063255890164472,0.2041655079452335
1997-06-30,-1.5265035314305813,-0.7934068455031165,-0.06781659721066957,-0.19951483768989683,0.0387498147757404,-0.5219986861236902,-0.4895862151814347,-0.5018603200671462,0.0012615031407684403,0.483575933027923,0.4203795980642597,0.6499821786507503,0.9985824426015218,0.8997805217901865,0.7381779655646401,0.6813287210850726
1997-07-31,-1.1798208270265922,-0.8220320426028728,0.01302508494423589,0.05877635729848237,0.17881611528481287,-0.4701375292854893,-0.856758468962442,-1.0106175772339552,0.2016126672104633,0.46763734179049904,0.4255628998760937,1.0174072192803354,1.510878046353658,1.3834059437115986,1.1703031358211704,1.1879298527837898
1997-08-31,-0.9477008888072143,-0.7877215965126076,0.12319335448973105,0.3836987768620798,0.4548110123506183,-0.14307719654266773,-1.0940281639563658,-1.2224322320075354,0.5814097024195571,0.46646929228550804,0.2639619075878359,1.3902091210301994,1.8740346431732178,1.7121837139129639,1.544829926701282,1.6510522229448714
1997-09-30,-0.9169690270602606,-0.73236435144653,0.2749854552582505,0.7219765778994075,0.6620010069302623,-0.009778027300922228,-1.0708593013163383,-1.1584994261800319,0.8570242884374456,0.5399990265821357,-0.11057198448902783,1.4214923135838191,2.1338837146759033,1.919354240099589,1.8059596860177385,2.0015522231317235
1997-10-31,-1.068224080815545,-0.6267504419767927,0.3921084648692172,1.0755702435904082,0.7814686866820196,0.11448714370155737,-0.9933892414834663,-1.0950983906035643,1.0316124633339732,0.5612463598178216,-0.3305340104400977,1.3722031083414852,2.378470500310262,2.186909794807434,2.077248622594136,2.3094608467993525
1997-11-30,-1.1391194060223142,-0.5935368417482554,0.26694370058697364,1.3503037667722602,0.8502079929195708,0.14146149536427124,-1.0121531560318229,-1.1049937117586301,1.236493483221375,0.6460211379473084,-0.3604988395183359,1.0122105398348473,2.645387331644694,2.501971483230591,2.339443208870854,2.570471484831147
1997-12-31,-1.2205484466085414,-0.6158655219967043,0.0882759738645547,1.5986009787209532,0.9099490443988422,0.29296733234581823,-1.1715881734427467,-1.0757753074805614,1.605580172802848,0.8353421886731001,-0.3491349526630818,0.7007568590906036,2.855661710103353,2.7157297134399414,2.5832603693769634,2.7571549144264433
1998-01-31,-1.1092809104402703,-0.552152345934367,-0.03420237974848029,1.6856134689017885,0.9240372435630974,0.2778117124242042,-1.3114705928090202,-1.0551430536900281,1.8130524480576853,1.1693499681576933,-0.3908674541639427,0.3148293957748212,2.8482850392659507,2.664710521697998,2.6396035520924435,2.7865980601276825
1998-02-28,-1.0242154094417282,-0.3603409819308991,0.04398032638027218,1.5691612660816407,0.8939294786514864,0.26009742212595627,-1.331490618846588,-1.0409652414041652,1.868200701098652,1.4030087727800078,-0.39555173904182844,0.18629155395161545,2.5487932364145913,2.388653794924418,2.46396306600052,2.573625933716599
1998-03-31,-0.8831692129240204,-0.056522586055942604,0.11791274745431506,1.4786366745814952,0.6777486624788263,0.10985863445630674,-1.1399450610080823,-0.9477388882641145,1.7772779044676426,1.4332809826415993,-0.2994788363117948,0.1071223299708034,2.043750445048014,2.013006846110026,2.064315755420312,2.1579295699966634
1998-04-30,-0.7569878864933138,0.28875505768478177,0.26253757272978007,1.4353540589044644,0.5129220101244406,0.07623180049413551,-0.868714302585167,-0.8462995476402607,1.4936291869276692,1.2216573683666925,-0.2983819692593553,0.025098659531057364,1.3716941475868225,1.556743899981181,1.4741610062118617,1.5778182894838888
1998-05-31,-0.5201879105170344,0.4970099719100413,0.32359826255770957,1.656090736192439,0.300345588032814,0.024044479268592874,-0.5430819417909517,-0.7713712439967634,1.4107014475204844,1.0552423151856922,-0.34451392447077067,0.1642334760167969,0.8303358852863312,1.1759735147158306,0.9190938897228144,1.0927307183105235
1998-06-30,-0.2375276678086062,0.5842998617720286,0.3308337206072693,1.8963526249005367,0.10949457881745887,0.06722954201757957,-0.22603463416059533,-0.7684401033787998,1.4543138168415801,1.144799708180565,-0.41428990176189234,0.3031311838283479,-0.045295526583989464,0.5133623480796814,0.062272048439323546,0.26431644178138375
1998-07-31,-0.006513269205627374,0.6136922297989102,0.2863736960383526,2.2112082811693283,-0.154942966637055,0.01844759948998509,0.050508130530509475,-0.7002757354980153,1.6436694862196202,1.3292357345645447,-0.4154359278315795,0.3574300397068097,-0.8054315149784088,-0.17974493900934854,-0.7344079896357814,-0.5564864353486018
1998-08-31,0.18689242194303188,0.7401098699600138,0.2440704747931303,2.6102286590420434,-0.28023563168293086,-0.04467263383668785,0.2693346494321027,-0.6148772672905368,1.3622993504174585,1.5488574474014432,-0.3654011139603,0.3048987960304256,-1.4976876576741536,-0.8127384583155314,-1.378271242544562,-1.3023027702910286
1998-09-30,0.3319463185080353,0.9671429532932425,0.25438464401190947,2.9829468624011413,-0.19755128991175694,-0.18255164583599934,0.4000437022271311,-0.4625735434204126,0.9191270224722378,1.5888107020759008,-0.38123189705036004,0.20794317150397615,-1.508480389912923,-0.9753353198369344,-1.406669811637461,-1.3356630731155033
1998-10-31,0.49469324273612525,1.2396483275316685,0.23688864651962738,3.2985759547644484,0.034171877137784724,-0.37900411087529245,0.5262421302249346,-0.22682448241447592,0.5387581482369304,1.7463730608216723,-0.3708880329271625,0.35657279420633564,-1.4618640740712483,-1.055626630783081,-1.3704888080101758,-1.2793018641249174
1998-11-30,0.6544583240827911,1.4576951907111624,0.19532386943148894,3.3849331399644718,0.16237704061383143,-0.478696241864839,0.70113111085714,0.028443202795610228,0.5766445545787664,1.7401558380619757,-0.48494407364810027,0.5132291789472401,-1.4596874713897705,-1.182802637418111,-1.3635995307289157,-1.2778559372648715
1998-12-31,0.7971020220998547,1.693678422486175,0.06570821883850304,3.4546308761567874,0.2475288498608792,-0.6175104537880152,0.9565271913298083,0.20050267755037746,0.8181664206076129,1.6893726090518824,-0.5317081818874946,0.7818809973636086,-1.6424196163813274,-1.4204285144805908,-1.5849495731161085,-1.5482813361247636
1999-01-31,0.7960507900524815,1.7702209378531577,-0.11677538143525772,3.4298638321038233,0.1652320464118842,-0.6719862619679576,1.2001133472659904,0.3396299274422665,0.9318429355856551,1.5181269425261632,-0.6576875465441482,0.8852020645868751,-1.6615573565165203,-1.5311687390009563,-1.6610662867761643,-1.657573247536951
1999-02-28,0.6492741812022153,1.7540869482196755,-0.26777748110089455,3.3812249859632946,0.12179539655662835,-0.5598962325722586,1.373297127489544,0.40716129076227964,0.845930569897913,1.4851590443472615,-0.6151987825616781,0.8396897986264161,-1.4763212998708088,-1.4517680406570435,-1.5735733271420165,-1.554517793522508
1999-03-31,0.43138962771605777,1.507778746960982,-0.2898222830161892,3.0162588052120896,-0.027779825365148936,-0.3413915784767054,1.284276751245308,0.3813412624637574,0.6586269094620051,1.3439755258784036,-0.5541360573805203,0.7049055567072179,-1.1572035948435466,-1.2191863457361858,-1.2298539179462271,-1.2060500958046667
1999-04-30,0.22694277695325993,1.1431977106964002,-0.4256039486494611,2.400171697065242,0.00271628990644456,-0.0745597950096564,1.1499442207523078,0.28510950410598157,0.6853430811208961,1.0814669752906538,-0.3153409878169526,0.5821801854583704,-0.9015894730885824,-0.9315555890401205,-0.9410392341179813,-0.9177401618507011
1999-05-31,-0.03246498251994242,0.6829743055137273,-0.6859976678458793,1.8087060272244126,0.0407079716574941,0.08087648674367938,1.0870474820202094,0.1651729608775133,0.9214215753122571,0.868403661875005,-0.2507010122817326,0.45693846389775605,-0.9316298961639404,-0.8370012442270914,-0.8225050574825087,-0.7870608215190015
1999-06-30,-0.2407844339486327,0.2515089858279941,-0.8151227044827705,1.1242817533332325,0.05170408754407684,0.26089948765214394,1.1282613159803974,0.13112466392882358,0.828739230638374,0.886203668822635,-0.24965031137058488,0.6080426086265943,-1.1044967969258626,-0.8866983652114868,-0.8766053534293823,-0.8500021067402175
1999-07-31,-0.3082491081388516,0.15187169048816923,-0.6897080000992881,0.47225077279563205,-0.08609820627009046,0.31237244752344,1.2900152760868633,0.07470705972162381,0.41717161286340704,1.0164585998107403,-0.4563701935287367,0.8440180836119916,-1.273711363474528,-0.9649598399798075,-0.8777261490113748,-0.8628222796634345
1999-08-31,-0.32309226417631304,0.23439242351353462,-0.5090638112209512,-0.41513561646252245,-0.20550914852871305,0.35976311047923204,1.4754837469720494,0.057574082603122544,-0.25406944840702983,0.8343119425853666,-0.6544811061251247,1.1996993982167676,-1.3779726028442383,-1.079022745291392,-0.9979472615486559,-0.9929441396379852
1999-09-30,-0.3299363087822545,0.4047064105235565,-0.5896643846074022,-0.9828680051592708,-0.19698702138227453,0.24531042466952738,1.7175510470049202,0.0610966286086796,-0.6482897662238257,0.3105175878076266,-0.8460396999413913,1.1665666030986854,-1.374505877494812,-1.0846737424532573,-1.0144890622107006,-1.0323945485827284
1999-10-31,-0.4144145464827797,0.43737386899444713,-0.7949331115418502,-1.277235464080797,-0.21937128386906482,0.2404506739429947,1.802097499207056,0.1242950235542083,-0.8796927501347805,-0.18893510854601633,-0.9306695872932917,0.8748283574429662,-1.473994771639506,-1.0883856217066448,-1.113145254399421,-1.091826770571773
1999-11-30,-0.4745229091364183,0.3856079190271984,-0.9445059829291503,-1.469358626826078,-0.2219292434920502,0.2116303292892526,1.7650967125753247,0.2544322417087886,-1.073467474308127,-0.420200569590613,-0.9493333671347212,0.7073612875992015,-1.631527066230774,-1.1237669785817463,-1.2364621616254052,-1.2324074009746424
1999-12-31,-0.592427382591224,0.28757262629165997,-1.0192281942506376,-1.7812159056681864,-0.23058995254723536,0.2721275242898542,1.7755258563637788,0.4180151247367813,-1.2263859522831229,-0.40424993396307074,-1.0166199771147808,0.7096156029195692,-1.792963186899821,-1.3144104480743408,-1.4444273435295927,-1.4469517509380765
2000-01-31,-0.6127703761145648,0.1305987430451396,-1.0312489698139589,-2.038688822765059,-0.22744604176112423,0.4553963705749935,1.8657003140865287,0.6046807627980345,-1.3615964471625357,-0.4009054915589994,-1.0823384576515442,0.8019543462587454,-1.91786523660024,-1.6287684043248494,-1.6895961366734176,-1.731390069375719
2000-02-29,-0.5107191566443307,-0.06447823499076111,-0.9519014548127344,-1.9169928456332126,-0.30823063887462165,0.5322794765146255,1.8299360911052274,0.8230231162911791,-1.3227447738234956,-0.4031733411748361,-1.061727686225371,0.6028708393248939,-1.7687200705210369,-1.6915874083836873,-1.6948435464994998,-1.6887040654591212
2000-03-31,-0.29223886045819203,-0.3860993954649758,-0.7500047607682019,-1.6433951109012959,-0.4410742727548167,0.4223087235425871,1.619284571152465,1.0318298064937619,-1.2920901940220977,-0.2631426902521144,-0.9547624268473022,0.37293344185098487,-1.557078242301941,-1.5112329324086506,-1.495357262999054,-1.4203857683083723
2000-04-30,-0.03405576558973609,-0.7138930009716082,-0.6943100509952848,-1.3685786501756467,-0.4630800761834377,0.23084084860874862,1.198504854528461,1.1434327263369113,-1.3491734222337242,0.060087885847013224,-0.7182457774502033,0.28641434302448204,-1.2097526391347249,-1.1456159154574077,-1.0817191669393516,-0.9932701708265702
2000-05-31,0.18920752676366473,-0.9403789422300056,-0.7394484248955684,-1.1313524494066869,-0.5805478343720836,0.060516875846070024,0.6659288671118259,1.2650386262636193,-1.495874725076871,0.4961388230911054,-0.7365096867397375,0.3481333211749192,-0.9793322285016378,-0.8818024595578512,-0.7521609669044658,-0.6893673780959965
2000-06-30,0.43396554938851056,-0.9546093731480415,-0.8874954574469266,-0.9513102997681538,-0.508016970301142,-0.10816518893088456,0.04330229876667502,1.501139957749215,-1.5484978094635398,0.6485433310173575,-0.8384395004638456,0.5086710899252539,-0.8735578258832296,-0.7695957819620768,-0.5900031354006994,-0.5840088531744264
2000-07-31,0.5451257025224967,-0.8986571403470817,-0.8305962977642016,-0.7277594780033709,-0.5236939205469513,-0.3619739016967522,-0.4141016518313016,1.8917725580485338,-1.3306644689762281,0.60412873861016,-1.1987929038842025,0.532902394402078,-0.8230540553728739,-0.7083203792572021,-0.4798337120973201,-0.5445242092597887
2000-08-31,0.6407421659492678,-0.8883764003721168,-0.6617775711233332,-0.7737183063003991,-0.27404779196155593,-0.5699590154160411,-0.6299753395939501,2.3495533905325394,-0.8883658257095292,0.25798279833358495,-1.28481933007097,0.36305982840875317,-0.7275761365890503,-0.6087770164012909,-0.33857304624629186,-0.4700712967702856
2000-09-30,0.6585168496453296,-0.9765060633906996,-0.4907942111067504,-0.8480709897818866,-0.32142815519347306,-0.672310331450041,-0.7687497870826943,2.6978971173831887,-0.5351407908273723,0.24051941225763188,-1.1821809740714897,0.28661898658917234,-0.6428397099177042,-0.5038530925909678,-0.29648139411960944,-0.3993113058033006
2000-10-31,0.750800954383776,-1.1992758479072725,-0.4163874958013592,-1.0822441731029027,-0.4351099453411955,-0.7935727075569621,-0.9140038495613805,2.8649029011880365,-0.4755538049015951,0.3871646717600876,-0.900309513883772,0.21460502540495033,-0.6501155098279318,-0.46863656242688495,-0.3830631041064961,-0.4315672106052079
2000-11-30,0.8361702260393215,-1.468615962234596,-0.42865069742881706,-1.139957215271316,-0.6999316403156756,-0.960892971827494,-1.0911200179767455,2.8199578412033106,-0.4689950957486831,0.4991421439548745,-0.846443754084568,0.41186695237340976,-0.8169483542442322,-0.51478644212087,-0.6122453634591056,-0.6007558240009622
2000-12-31,0.9000793176732348,-1.7023058652598675,-0.45438032947966195,-1.1395896528448024,-0.8111751018048606,-1.1274476652798695,-1.208849460184285,2.6395919282928095,-0.4895372637928128,0.3933192043808484,-1.0315695396174638,0.41379386782696326,-0.9354250828425089,-0.5823286374409994,-0.7556851801918857,-0.7514417200150313
2001-01-31,0.8734494323253296,-1.821600079794633,-0.534117710150519,-1.1527303100063606,-0.7486519118052885,-1.2205065083356896,-1.346944447666863,2.495211822852069,-0.30749804095614824,0.034582185616041046,-1.3509919479670949,0.6231925731135982,-0.920265813668569,-0.5649665196736654,-0.8223080490033028,-0.7743701038157781
2001-02-28,0.8414691838042493,-1.7550657301217178,-0.5198166354321554,-1.0494422803901948,-0.49612398337275027,-1.0864882132477998,-1.6465346191217949,2.2312880849880643,-0.23218831118659297,-0.056848479936074114,-1.4815566246707197,0.6046500462187759,-0.7957512935002645,-0.5428434213002523,-0.6988476945186335,-0.6458404939824539
2001-03-31,0.8215069937662934,-1.6177338743202165,-0.472617622122317,-0.8035528912244185,-0.29576594744462054,-0.8525228035722007,-1.7450859026934367,1.8539391492767863,-0.25601293642061823,0.07214949161146395,-1.350994549284769,0.4923728012110972,-0.6375752886136373,-0.4919699430465698,-0.5288967155076688,-0.441459873478157
2001-04-30,0.7848408160411999,-1.2945830371609761,-0.22035145542199608,-0.636063626881476,-0.16653122472262463,-0.6668988426739603,-1.7416603489550557,1.5260270081457492,-0.3178610583355041,0.2759692129132604,-1.0450542818159565,0.17746361034882008,-0.5272510548432668,-0.4333857496579488,-0.3368759810242233,-0.2779720930892676
2001-05-31,0.6030585708451109,-0.9739214610243728,0.06293984544931534,-0.6646278443457566,-0.2205918987628764,-0.6232495740850907,-1.6111921163517284,1.3480511358722251,-0.4365583289108835,0.42819755612667904,-0.8756091721666516,0.0049316910405936614,-0.40973348418871564,-0.33939077456792194,-0.22538888882089217,-0.182303034643546
2001-06-30,0.2389947688578383,-0.6804747229908489,0.2793547764201438,-0.6714655875718499,0.054869570747220896,-0.4534985860155889,-1.6731652833393442,1.3762776082160277,-0.3882098985290961,0.4631719344777869,-0.9706151613130611,0.005926206386558011,-0.286916916569074,-0.195862657080094,-0.10837424561216902,-0.0992909784181704
2001-07-31,-0.05885193261922279,-0.4846809624270652,0.3271514540373423,-0.4075709990777583,0.38322280398798014,-0.10959859591195971,-1.6631796724418513,0.7776375550442055,-0.2860633941240356,0.2756973919569854,-1.0421766937473749,-0.04026594299892291,-0.20348293085892996,-0.1086643145730098,-0.04124247306892586,-0.025152747616143074
2001-08-31,-0.08161732912378285,-0.3444095002852367,0.31772201921696047,-0.18739565938891153,0.6662820622160238,0.22233326668904854,-1.5005964679706698,-0.01651336925932408,-0.04737702205515687,0.18945150493884078,-0.9099793602369526,-0.0791943649922824,-0.157708411415418,-0.04555225931107998,0.016008154789624193,0.022660710267653112
2001-09-30,0.025654590192555574,-0.2958493885460674,0.347074985345,-0.0639876604471463,0.7372562348933375,0.46105439717320396,-1.2191132211374267,-0.7732970801054245,0.19383765710169576,0.005517863832639233,-0.5823586909125774,-0.2465091938207494,-0.20027612646420798,-0.053675876930356026,-0.042171190171571636,-0.0573751616575399
2001-10-31,0.08062328396440915,-0.281083056269922,0.48754071097905455,-0.045803263655194944,0.69253530247631,0.5547265818630387,-1.0132575425020998,-0.955073589236069,0.3836631985942189,0.04961385948781283,-0.3634833032272449,-0.22683945804272407,-0.2534443934758504,-0.06361616775393486,-0.13449682932556214,-0.15742712644211324
2001-11-30,0.03526677294264458,-0.26451162361563535,0.6344501976767584,0.09921025564429566,0.6936072669889706,0.7666051899250369,-0.8937058690795833,-1.0214344543172258,0.40933094927355973,0.14832685575657942,-0.3151873519504342,-0.38250237599312875,-0.3478418290615082,-0.0755694421629111,-0.20415437557413982,-0.213340222214508
2001-12-31,0.08269589889955037,-0.15200857853028085,0.8211655622803001,0.22242773207545033,0.5053402968071414,0.9694796292272656,-0.8447937776780652,-1.232419638018013,0.3231491333558655,0.21046298083415071,-0.2879991916261175,-0.6013146785486011,-0.4362625181674957,-0.11737462257345517,-0.27948018781483136,-0.25332533215742564
2002-01-31,0.11122011068074344,-0.09897493968038158,1.0329227577578493,0.22532690491282495,0.3508239699151044,1.0934728665212787,-0.8665298266585432,-1.5828818463744627,0.2136961406656442,0.2691315882862593,-0.21137433016282361,-0.765985858035549,-0.31415145844221115,-0.011780217289924622,-0.1674672850822716,-0.131871379811529
2002-02-28,0.0031491219900851206,-0.00471690956015446,1.1494339752509621,0.07141670973138105,0.16042072117082543,0.9573680224549951,-0.7963037173557449,-2.0424381963186224,0.09478598128454396,0.0565032587791332,-0.09290333336063135,-0.5550353531246619,-0.07795534779628117,0.150336354970932,0.016029572891302024,0.05435487493817202
2002-03-31,-0.1079085980263463,0.10535564403638394,1.069876081208523,-0.22386221333359524,0.054688163521475965,0.647300916981565,-0.6506268793899829,-2.2426517465594418,0.13397086185002485,-0.1653972515135882,0.031501860411476415,-0.3323794416392578,0.09291877162953217,0.26725036402543384,0.17978084625914828,0.22063086894588899
2002-04-30,-0.23478632885476677,0.3180809057939602,0.8916995737631371,-0.303583348926675,-0.01873318148614352,0.5578087187507818,-0.5089740279772473,-2.1490941710447924,0.2578957770242033,-0.28278900792911243,0.17920816536028464,-0.380060713526716,0.06625192674497764,0.19242965430021286,0.223189481530795,0.20874220190577222
2002-05-31,-0.2413295703187033,0.5327791437628903,0.740281097740214,-0.3072555097050134,0.07455653361863515,0.3758671757898038,-0.3900707480499435,-1.7938751729782343,0.6485807847989709,-0.1522886609434034,0.27383230413014603,-0.5211558680032741,0.035652044539650284,0.1278353308637937,0.2198282316556179,0.18367885268017972
2002-06-30,-0.20819683785786944,0.7555302111634932,0.6176746222821189,-0.1489195097855379,0.15333581123648385,0.29881578305393947,-0.19725117604947537,-1.5097238347161348,0.9121563768625093,0.2557536068666199,0.3617065940508832,-0.5192577894295464,0.24529405683279037,0.2861548289656639,0.420600731837449,0.3731223802082948
2002-07-31,-0.12337962420272046,0.8267561435401682,0.38219351769198867,-0.0008954118557296387,0.20927557271375788,0.09328578637981107,0.19334661696144603,-1.3076655018957606,0.9741763076983517,0.52875201319944,0.41705975383175975,-0.3026512584231032,0.40324710806210834,0.45908115804195404,0.5478642511339004,0.5525888366183521
2002-08-31,-0.06442257431663395,0.8035797251439227,0.0048403080026278395,0.0969947065333302,0.1848080758624001,0.04943285452947044,0.6194206848453248,-1.0872253487646468,0.9109368346938579,0.5958435819594236,0.2916019682354377,-0.1340550815024298,0.5590845346450806,0.6197234193483988,0.7186902203104145,0.7408722834276755
2002-09-30,0.1406512058062759,0.7225647761816848,-0.2993577558497727,0.09536800818288177,0.2523653970568813,-0.12560055086235558,0.9444606646933821,-0.8924721761458153,0.8643906034632131,0.42676541097855186,0.12080680860435998,-0.10521286442470117,0.6603487531344095,0.7197203834851583,0.7903654645321687,0.8462380933852511
2002-10-31,0.31866518304403696,0.7820589369855604,-0.44816650684496584,0.11264665488339021,0.3672410296498916,-0.15413773948402287,1.0573069755735798,-0.7022836542249173,0.8990543759611666,0.2861781871676528,-0.071947912995575,-0.07764549048743379,0.9519078135490417,0.9561532338460287,1.0354784578659515,1.058483585211982
2002-11-30,0.47304195813251654,0.9633615443241865,-0.57379017695412,0.20630646201642186,0.446683358244887,-0.04633498440838246,1.0518468100477174,-0.5900448900907832,0.9086613950635711,0.20701664858221577,-0.08990622409838522,-0.22134569824271458,1.2752429445584614,1.2612549662590027,1.2668294905369122,1.285441860889299
2002-12-31,0.47269503674029334,1.1942037976344941,-0.676812401283288,0.31502072301867107,0.4281176407567388,0.15601656175190323,1.086856881539006,-0.49705907076295786,0.9453360125060275,0.14839238644714314,-0.06607541723156828,-0.3030784346255746,1.461342175801595,1.4510970910390217,1.4511589091017194,1.4058910094016916
2003-01-31,0.5687292610484503,1.4359734821568058,-0.8359657455080504,0.1983395420202587,0.3324388301145618,0.22369254281333162,1.223416986277366,-0.5055735787803622,0.8520643207279127,0.15070110837453785,-0.08267962068976428,-0.31016133521281813,1.4461768865585327,1.4823588132858276,1.5194167796767701,1.3882973256313689
2003-02-28,0.7299579282624733,1.585144836123656,-0.8932418591490064,0.048273334794461796,0.3773504220228048,0.2662018615808554,1.3454819975600538,-0.3831840067224031,0.7902519675308964,0.1288860681129396,-0.0651126993472949,-0.15286059294994642,1.2188423871994019,1.2760833303133647,1.3905247456619465,1.141655614374072
2003-03-31,0.8365401692813353,1.5946730338673367,-0.9179009326093904,0.0009205978980731574,0.4774686388468714,0.2588075141620316,1.3751869662032654,-0.20170293780903062,0.8078627608983645,0.0750838295844876,-0.06347794772813929,0.03707997544259123,0.9124587178230286,0.9969372749328613,1.2049680816903847,0.8559651517133674
2003-04-30,0.8360272051870069,1.478378083720866,-0.9053475608102698,0.10847531848022852,0.5016379379465638,0.262014207338555,1.1694056770233898,0.12643600458910595,1.0351194271763469,-0.06582731558466151,-0.14651083085101133,0.25484293028926597,0.4292937566836675,0.5591583711405596,0.7539034899373983,0.44371590407572703
2003-05-31,0.7379630391170542,1.3284492302456343,-0.780029684368898,0.1721923188890567,0.4026762654555327,0.17433350550694338,1.0059257704858144,0.390730871841147,1.0780438352139574,-0.06367186052729708,-0.1938284876949012,0.2687338610373303,-0.08539348344008128,0.09436158960064252,0.25845709574930287,0.021395769738256614
2003-06-30,0.6025684241829802,1.2151054157238097,-0.5699071022001031,0.2339870231295421,0.34660353782800796,0.008798930992358364,0.7919740182696483,0.7523231100049866,1.1218493687919853,-0.017369531775918077,-0.13846998190555812,0.3340701573944747,-0.38563468555609387,-0.17461204901337624,-0.0790984256854642,-0.24091462634400532
2003-07-31,0.49443199827734013,0.9881637790117264,-0.38616556181623424,0.29667733797596474,0.43916866295999196,-0.061964492598596405,0.5639569521615113,1.1157683297371646,0.9869008528036888,0.1386877510169524,0.08129334078978544,0.11416917176685648,-0.367036168773969,-0.17065409322579703,-0.04910428487883276,-0.23174480517019866
2003-08-31,0.435351824776407,0.7722555511370484,-0.25682517207376315,0.5186149491308504,0.48638185337364676,-0.037427660024646946,0.2962525324602927,1.4766409596479388,0.5786945639775979,0.2959210944104083,0.20982849270209583,-0.02660345238836125,-0.28193991879622143,-0.07175916930039723,0.07150179245589137,-0.10919510050577026
2003-09-30,0.38926777176562705,0.6548491123226059,-0.1801051368728169,0.834966021778564,0.4565669066443119,0.0955603917706424,0.11050048229712024,1.5891596812639364,0.01015911242206502,0.41484730161870426,0.30728751065508714,-0.2571549416570984,-0.24135829011599222,-0.03077230229973793,0.15808598718875758,-0.007416437404522552
2003-10-31,0.4096273244179471,0.803046981333992,-0.12296473777748024,1.2697963488624018,0.32915135255523215,0.16522754453108232,0.04430322800852667,1.5441669847289579,-0.49339340224093897,0.4426400884051271,0.2882306349229815,-0.3572240805319347,-0.21514529983202615,0.009788206468025843,0.22453544947517554,0.10807105491358728
2003-11-30,0.44055145419956876,0.8702231150471408,-0.16335774474379564,1.613585265747848,0.21486199195793632,0.16682733816023945,-0.13812957760432737,1.4151821930820827,-0.5894432632989113,0.3065655771072693,0.32120813861517145,-0.4405088883349267,-0.0917365700006485,0.13074342037240663,0.3308478719407461,0.24600923251483198
2003-12-31,0.5196066968107249,0.8200860400135475,-0.23254547304495618,1.8227069250959698,0.19387681123572778,0.2582904390895249,-0.3918501936613051,1.394332451110655,-0.6223663119320991,0.13314830658193724,0.31004915777672754,-0.46270614677246497,-0.02153658742705981,0.2547990729411443,0.41684274285102535,0.3224193526471481
2004-01-31,0.48575490684955724,0.6435513382889692,-0.3055499417314584,1.9332275347836696,0.19980856729531368,0.30308596450465153,-0.5065926105778115,1.3969185811008138,-0.598908456543644,-0.10560089493682313,0.28915316734798097,-0.46265791763960334,0.014146912842988968,0.2888890852530797,0.3406908785361846,0.2473973201009576
2004-02-29,0.38784853460391494,0.5118696844653216,-0.26150702365394934,1.9214090177959486,0.25989359170358656,0.3644933719621936,-0.5930843465946505,1.3447363178626117,-0.6046909395704452,-0.32824638987802285,0.2176774571061545,-0.434180411045753,0.04553530986110369,0.2765665551026662,0.2915243381104218,0.19504091254276432
2004-03-31,0.19073096296393147,0.3867597799641807,-0.13071404199963496,1.6975828243756628,0.3738671888843212,0.286589458843897,-0.7945123871868139,1.0096863204831725,-0.9192754689722146,-0.4551040971095497,0.07594125172296137,-0.2107160823032208,0.05016031162813306,0.15696212028463682,0.1384710876547228,0.08835304682770452
2004-04-30,0.02971202543578697,0.23041529152137286,-0.0020286976904024395,1.4050799702795276,0.532538562127077,0.21545123693596732,-1.1666979212532036,0.6411851079391875,-1.413264182689824,-0.49201368475856905,-0.0759433701745263,-0.049117287475039635,0.030139387119561434,0.06712548062205315,0.07338351919491298,0.03372665075142
2004-05-31,-0.060883331589306346,0.11202701299564609,-0.07981873469551894,1.2481422521866927,0.5816743227672899,0.19552488750663302,-1.58068671089854,0.2614476374416853,-2.0307263904407242,-0.5911701562110753,-0.24219644383782354,0.01026652655680966,0.04894930667554339,0.05002581203977267,0.08706761718636291,0.04766398216458889
2004-06-30,-0.05909667054261577,0.034082967705431844,-0.18505417802469767,0.985933922583842,0.5069414306791288,0.38520928037438934,-1.789636430687931,0.05073010593075056,-2.1844628474915413,-1.0706880256563938,-0.4058489794016051,-0.17514791606475785,0.05287804485609134,0.0774766355752945,0.1450738497866404,0.0852410495092835
2004-07-31,-0.12675257545433205,-0.04512401569585989,-0.19307523614386216,0.4075858133036565,0.39754791386605753,0.47656247057154477,-1.933029143172953,-0.14838038591073724,-2.0388737137303434,-1.6448231894333805,-0.5116799253079454,-0.2868183749522266,0.11341531357417504,0.17665795236825943,0.23046421396701056,0.19282112013291677
2004-08-31,-0.3067107557545255,-0.19975026930028697,-0.08609023223366859,-0.31209196950788703,0.2958546429127268,0.5187198331647929,-1.8775546501880707,-0.26889541843514836,-1.6797791713994508,-1.9600418012670813,-0.5736266831815262,-0.2776928776402145,0.2096571602548162,0.31013111025094986,0.37874424222702086,0.3299465323421052
2004-09-30,-0.4688866746113009,-0.33793537286647424,-0.032457578516815716,-0.7193370941435823,0.24403883690659267,0.4182089914514379,-1.9758508985380896,-0.34145886997142605,-1.3633794657820602,-1.8398842294233786,-0.7153652745486698,-0.1802659395377824,0.3464703659216563,0.48795085151990253,0.5312334245929171,0.5167347091963962
2004-10-31,-0.48166516627301575,-0.4659047266119858,-0.10405350946346072,-0.8092312012013226,0.11784020345061834,0.3180755911565395,-2.151258057153854,-0.26298161457824953,-1.1093990387013388,-1.653925410473386,-0.8898114819795105,-0.0784623049225422,0.4087075392405192,0.5498910744984945,0.5853507912452495,0.5984110437953615
2004-11-30,-0.2700314718985964,-0.43954779561859714,-0.13557066934473647,-0.8519472199910373,0.003774303804310273,0.22119863666355077,-2.35068865997605,-0.1455308242840345,-1.0493457328562568,-1.6952315754159333,-0.9716003414770892,0.018827092755410123,0.3903079728285472,0.5446435213088989,0.5232688833479775,0.5757178426832243
2004-12-31,-0.17433108026646482,-0.4141769603813798,-0.2128558337851633,-0.8936603462951135,-0.27182854616218527,0.12893060488148633,-2.476424335856354,-0.057344599720851874,-1.2927125459744617,-1.795668450587715,-0.9016105564977224,0.12210127101398403,0.37709595759709674,0.5736444989840189,0.48718710629827894,0.5499754199016612
2005-01-31,-0.14492629617169014,-0.422832088715493,-0.24114127567349808,-0.9902068586493459,-0.5155256409764052,0.1120206962914882,-2.409448702964158,-0.11247014349812316,-1.5837112071885748,-1.7237858715143057,-0.8185785489395344,-0.03301322095848047,0.37746859590212506,0.6369719902674357,0.5149001182104914,0.5421351330404655
2005-02-28,-0.26785864580478086,-0.46173704293795775,-0.2439508535020559,-0.9713574568963761,-0.6896068273478151,0.041863145177175175,-2.099969472369296,-0.20272311740626128,-1.7022268989312328,-1.3884846410408207,-0.8895248117184393,-0.2819601661922135,0.3277554710706075,0.6069908142089844,0.46222622114137324,0.4695624901888982
2005-03-31,-0.1591151094707419,-0.316055205426195,-0.23025005284042152,-0.7965722291893371,-0.7719579877078709,-0.060725218701891646,-1.5430224533171524,-0.20389039872294237,-1.6866773019869168,-1.079010962318989,-0.8824859428156033,-0.4216340777459741,0.3082214693228404,0.5530526638031006,0.4051304724636961,0.3875052255445161
2005-04-30,-0.08280504033386034,-0.14093845948794917,-0.25235402120536327,-0.4955379048900513,-0.8669477363027266,-0.2754877170538587,-0.9436917181505035,-0.2691025294461978,-1.6458025545453883,-1.0273575127827987,-0.6304442720861811,-0.29864990374103223,0.24537023901939392,0.46377800901730853,0.25909966200611534,0.27441682587553723
2005-05-31,0.1613021616378081,0.13241167094330553,-0.16338229999809636,-0.18119550554961236,-0.8622415899027676,-0.5442959945773701,-0.39379343590657473,-0.4552531873677892,-1.712364253228983,-1.2994458028897373,-0.3865550221969205,-0.31360379077696654,0.22401583194732666,0.4250766336917877,0.2273967952681807,0.2650326959767476
2005-06-30,0.3786876124809448,0.3481801492581038,-0.03636373841946802,0.08569885240495662,-0.7985919182525146,-0.7717388568954956,0.18458983194384904,-0.7665054031344921,-1.4847862720663756,-1.421743667659516,-0.38881898779931284,-0.4672415479022202,0.13916375239690146,0.32077160974343616,0.1777499976931333,0.24919944451275733
2005-07-31,0.7321010925592043,0.5773636124862502,0.17845947144972593,0.35903377287724264,-0.5710210977159395,-0.8093914833810927,0.736684824545412,-0.8839774059664083,-1.1805592822377495,-1.1925111169225209,-0.6367835125040716,-0.5926706316514859,0.08101821628709634,0.21640956153472266,0.1597815732314064,0.2259667513042478
2005-08-31,0.9619066526357578,0.6369140342491518,0.3788331220979438,0.6505570726346505,-0.369120069568875,-0.7311401171700244,1.1589394796645853,-0.923447912510427,-0.8015145729139813,-0.6204030069536413,-0.6100711134206924,-0.5497789029613765,-0.06257264129817486,0.0681781495610873,0.003757874731932657,0.09568464840886637
2005-09-30,1.104756412300986,0.5858958630087483,0.636409698751231,0.8728812945408517,-0.14509015933880706,-0.5625965785712669,1.4392935863724725,-0.8928738491904734,-0.45591795757221937,-0.16332567685750748,-0.4474621109243695,-0.47294014247074073,-0.20331870826582113,-0.03465238958597183,-0.14037358126027993,-0.06272498027032215
2005-10-31,1.1336524443617717,0.5685555880710971,0.9342930934415579,1.174082451933269,-0.0465523313640586,-0.5184080415324129,1.6332244616642964,-0.9922380890318233,-0.22133782197643892,0.14250987906401016,-0.2473228955280712,-0.4265963748016983,-0.3636410137017568,-0.11294585714737575,-0.22232688754893393,-0.12642138418389234
2005-11-30,1.1667754107724566,0.5038875351033224,1.2001548007249723,1.3908906111051331,-0.04236108430917886,-0.5489749972982422,1.7048322983266175,-1.0634089609460116,-0.10342305852839877,0.2669260871836842,-0.3071013468174666,-0.3656823693949438,-0.5723917186260223,-0.25790397077798843,-0.34618189181404646,-0.25419545429980045
2005-12-31,1.2712857932916233,0.4846989190679054,1.536419438351894,1.691153208912654,-0.14622398828912334,-0.7269921938471237,1.7227359037231447,-1.113889535227066,-0.08915798678991498,0.3918613897701422,-0.38768942050886324,-0.3844942652111844,-0.8266910413901011,-0.4491190438469251,-0.5066842042604657,-0.4446794298576013
2006-01-31,1.3164602565854597,0.43219883674241705,1.8179440680839267,1.7365947684997736,-0.21447976847918473,-0.878545662238935,1.7428461364908234,-1.2488078663577242,-0.10049000347470995,0.2570237171410674,-0.4480376302914361,-0.5007331520409485,-1.0320939024289448,-0.6731655796368917,-0.7473660874491195,-0.716201429189229
2006-02-28,1.269511786746927,0.45723460656247683,1.7825198764042147,1.5939485449720434,-0.2319180736162577,-0.8472088589759984,1.8718220974489315,-1.3750567478275695,0.0012098457023719024,0.020255813542747598,-0.3489147022842281,-0.5721680193468481,-0.9835234880447388,-0.7121473352114359,-0.8012992886500553,-0.782326855348781
2006-03-31,1.1301943677643769,0.5224897747133073,1.3987086793766867,1.2823882938383209,-0.05964934379086895,-0.5858501334920357,1.8061539954019084,-1.4444318768438296,0.028194118713888484,-0.17073310767474417,-0.16438512328406468,-0.6045930173776543,-0.866089920202891,-0.7148069143295288,-0.8095764763517607,-0.7428011136245591
2006-04-30,0.9186604780901249,0.5475218559227164,0.9389858673128031,0.9963875237511216,0.16951363806209363,-0.3136025203155762,1.6476365399833144,-1.0762047141827682,-0.07915656400424605,-0.06588351124796697,-0.0765785003306987,-0.5840748204244847,-0.6523248056570689,-0.5427164534727732,-0.6109623511502443,-0.5436006062133851
2006-05-31,0.7497108697739864,0.5718071092724569,0.5548732099317083,0.8231562573583103,0.241608648494506,-0.21073888220441658,1.4712376329541303,-0.613722644793575,-0.38142623649286495,0.0976258797940009,-0.15723929584703009,-0.6336798397356791,-0.47905264298121136,-0.3535262296597163,-0.38484717562803644,-0.33734531688968605
2006-06-30,0.5335764443095858,0.48441962361159074,0.355428585112831,0.5169966376553717,0.2238237008632462,-0.17217157570805328,1.2856085202168182,-0.13083460854942283,-0.6087125127240374,0.197941861739644,-0.25876019503182635,-0.8276301720745088,-0.2520061656832695,-0.12539887614548206,-0.09408680431552004,-0.09673135612490709
2006-07-31,0.46037681006669023,0.3419971836651278,0.2971428208360453,0.32852812107466683,0.1614504538687347,-0.09947928919013233,0.914940627043909,0.10206335205932765,-0.6261518657443715,0.215105844482141,-0.27324640363748687,-0.9200860095502307,-0.18499165028333664,-0.05969411817689737,0.0019435934448960076,-0.005927374195695024
2006-08-31,0.2604195337732897,0.2086299535518824,0.3600214229446368,-0.05093807027778622,0.15581879948476038,0.06886417784686966,0.4670908531607591,0.2353163586363889,-0.37129794296421775,0.23810648056066416,-0.10916106621647781,-0.9478036150125914,-0.08913236608107884,0.058797486747304596,0.1428009278780669,0.11394831053452893
2006-09-30,0.16202797834223562,0.1735755060354827,0.3264221961703215,-0.5786173725796022,0.08163050582164004,0.22005855501473381,0.1905514470646282,0.3145436568768691,-0.16580191635745586,0.18087560655927395,-0.043953926364748507,-0.8923207575368468,0.11259144047896068,0.26099709173043567,0.30408890435509417,0.29136570960026315
2006-10-31,0.04016527778092593,0.24384202244208572,0.12641759933805607,-1.2375773086602233,0.07340465566168668,0.25154936083356894,0.11554804386408102,0.34918269455441586,0.06099359505795806,0.0271242226553547,-0.018920434535293296,-1.0246245258210154,0.4322105497121811,0.5269939402739207,0.5077060614100245,0.5177104203419479
2006-11-30,0.06296320777143005,0.391829154781667,-0.06516539426730034,-1.6437030344641386,0.03663098072724167,0.19483009191886191,0.09635416819768312,0.3559113085162336,0.05030881345658117,-0.07125648904783488,0.01856680417580291,-1.1018577512793144,0.7343921462694804,0.7625126242637634,0.7026079339197396,0.7403880214917745
2006-12-31,0.03596959162896599,0.46808653900454084,-0.12075430904103181,-1.7892550937996683,0.06940734078206014,0.08496595646111639,0.008283608692862774,0.3077155399684893,0.08702325463598783,-0.05079194868122725,0.08464826849301625,-1.0689508865563202,0.9365587035814921,0.9529115358988444,0.8496128384954144,0.9059647738175344
2007-01-31,0.03353146285430211,0.5389566310509232,-0.15376543868062184,-1.814091113136816,0.07592580993062788,0.07441736721403845,-0.16960924459440818,0.2638301385475909,-0.10125733974382393,0.14979328659987248,0.12411504920076748,-0.9649300774200986,0.9170347849527994,0.9657899339993795,0.8351014715117681,0.8989300046095169
2007-02-28,0.03580105173988964,0.4238468818102636,-0.1710407726552344,-1.6579349517526945,0.141746282556022,0.028131782607876576,-0.41971964993940586,0.3582167410435177,-0.25430802499311406,0.2942765321606811,0.018743369552523953,-0.8710265013359261,0.6691219210624695,0.7371537089347839,0.5318361467356956,0.6140094887112063
2007-03-31,0.03458488177472326,0.2916282331242432,-0.16560226577416373,-1.3226830025185083,0.10835666278842539,-0.11269835718421817,-0.6466807545034836,0.5954826017455501,-0.29821818221595003,0.4082489957115583,0.1187066268743634,-0.6014946192793033,0.27308476467927295,0.3114996055761973,0.11884719273030674,0.2197578575769162
2007-04-30,0.06755744697779048,0.13860659184978663,-0.11075982785609068,-0.944418769046932,0.02900239872637929,-0.13180945637676858,-0.5861386323212258,0.8762753423608959,-0.20599828318542793,0.5201278314770229,0.2756223609060037,-0.22290826429705013,-0.02843820055325826,-0.009637599190076193,-0.17298146737336695,-0.08289102321048743
2007-05-31,0.04210714051016603,0.10868361203063404,-0.03029270843331003,-0.7906611360179278,0.03844988386492139,0.013020636064469368,-0.4700899484350643,1.2649206511862345,-0.13995683969421477,0.4461707501903775,0.4695026322130853,-0.1122723586737494,-0.24497133493423462,-0.24232158561547598,-0.31909827262832574,-0.24837110673622528
2007-06-30,-0.04529002258640086,0.16559310712296985,-0.02885448082460471,-0.6517981078909608,0.15542033952566545,0.37354108372349043,-0.16483844059489794,1.7896596375601794,-0.1428221474572491,0.37565793882667226,0.4519248168486873,-0.37346689408296546,-0.33337536950906116,-0.3336601306994756,-0.3286544455180466,-0.2963630628311789
2007-07-31,-0.3150226892306512,0.30323391851998976,0.02058780596014262,-0.5012361955626403,0.26691527867845766,0.6116869441232574,0.04616416357584968,2.325844697726447,-0.05313883225411046,0.2050196818071788,0.3552942788589765,-0.7558825284360435,-0.44857625166575116,-0.49775641163190204,-0.41165695830387206,-0.39575022024662126
2007-08-31,-0.5312080511899148,0.40465043703925857,0.05530962885960628,-0.25322169472306355,0.321250465719201,0.7685230107277604,0.16949352207236082,2.65520574352962,0.3555908442121014,0.3569962944226254,0.30342448364452973,-0.7734998250308239,-0.515274852514267,-0.5936721960703532,-0.5089633881407555,-0.48935155883384934
2007-09-30,-0.7038898528886709,0.4479070233075008,0.10285078899179456,-0.0798064408842729,0.20483172175182343,0.8359503208220586,0.23212601617899084,2.7291727121655764,0.6583592014864019,0.5139803396887297,0.28379741469154474,-0.7054992814577702,-0.7649518450101217,-0.8601271708806356,-0.804994595084767,-0.798496182284377
2007-10-31,-0.7108450438483578,0.3993359188939811,0.24194754126889575,-0.05936532475042746,0.22402531870381934,1.0245716584926179,0.23151524579029129,2.761242192295276,0.7777710849942224,0.7080814424609279,0.26913435043522654,-0.5593635036108083,-1.054941177368164,-1.1393627325693767,-1.166573738644476,-1.1435824831428827
2007-11-30,-0.7544041839925383,0.3374034812909847,0.3074835990416666,-0.002852259812125321,0.21457027725137104,1.2470577415115536,0.24521642662425383,2.74875154205068,0.7314502249183813,0.8549050077032674,0.3048496554260911,-0.4334470358375702,-1.438663919766744,-1.482710361480713,-1.5141743304884685,-1.4996258502185003
2007-12-31,-0.8727121131149941,0.24168934981125867,0.4066803650823089,-0.03557534717768607,0.3769084744765749,1.4239901274072977,0.1949171156565855,2.6103571191221495,0.8425529816655125,1.0436677241042898,0.42398573848949755,-0.1545789801755016,-1.7005670070648193,-1.702311356862386,-1.7050996198511594,-1.673765316730709
2008-01-31,-0.945897315789014,0.14817258431830296,0.21877568843864692,-0.06078820309801844,0.41775037783290164,1.3658983075560316,0.17207479676954374,2.4344815450119235,1.168368931853052,1.1461684937296408,0.649523734960134,0.1014278915862563,-1.8233472903569539,-1.8154257535934448,-1.7931336664921513,-1.7410707908480922
2008-02-29,-0.9921321281925906,0.16467774850037617,-0.018311810663324008,-0.13928592081291613,0.4445536743875214,1.2299651724757104,0.225374370575512,2.2190793814940744,1.5002450891395258,1.1278327448928016,0.6832918914889371,0.16524276768000995,-1.8405282100041707,-1.862779180208842,-1.856674317204923,-1.7690947404586055
2008-03-31,-0.8509886969030456,0.2633051898812521,-0.2502962196794824,-0.07396970258383044,0.43272895683686835,1.19631476853321,0.3291759269272117,1.9418991407580226,1.6691632382500856,0.9334956608672549,0.5928861448401826,0.2193512247834329,-1.6575789054234822,-1.6566229263941448,-1.7329033576260822,-1.6124080961973568
2008-04-30,-0.699429836592234,0.21477563879384076,-0.342199666743298,0.19683150985394027,0.40234256968567533,1.057398969562833,0.4130231415373142,1.5754557273671166,1.7581334795499253,0.7331854369819294,0.44545996435377716,0.24129325786896696,-1.431557575861613,-1.3857099612553914,-1.4769642825661062,-1.3688888375556643
2008-05-31,-0.4266928632619322,0.1113020012424612,-0.3909350843508658,0.4468118544339943,0.39890850794706884,0.8685153542892564,0.58107823093061,1.3149315280484188,1.763461434725466,0.6152178912945715,0.33198719085731465,0.3174281336108792,-1.1085166533788045,-1.041100283463796,-1.1030190067161043,-1.03776477000597
2008-06-30,-0.19808093789491074,0.01714344118129695,-0.44897801487223243,0.6607002878943561,0.30267347851789933,0.3565248348803261,0.7360926086112928,0.873342803217115,1.8014593174008564,0.6901464351146506,0.2395737503679626,0.29361336295018586,-0.876636266708374,-0.8410943746566772,-0.8676222255419336,-0.8455599136243833
2008-07-31,0.05568271672250108,0.13695570413635325,-0.4854732666275677,0.6422407598046586,0.33187238124127527,0.02618088207513473,0.9284999385657073,0.008153586523634996,1.5977006461897252,0.6821554927580067,0.0528562279307895,0.21479080742976311,-0.5947684148947397,-0.5564637631177902,-0.5707422776864379,-0.5656860300285539
2008-08-31,0.17224436460737222,0.10315667381835275,-0.5259427285175893,0.5810456121466838,0.3451811569003987,-0.23308854012178779,0.948069503005192,-1.0296620523696258,1.3839248479217139,0.6410768067216562,0.025015908426135294,0.19615706487615267,-0.35704803963502246,-0.2685599736869335,-0.32540700223490976,-0.3051931717209618
2008-09-30,0.17200400690025272,-0.0877370450242756,-0.5017745750178184,0.5444800100794439,0.3310754215273669,-0.24853642743900398,0.906995828132353,-1.8000529171489807,1.134570734680114,0.44913084743905785,0.021398561483453763,0.26281275361805706,-0.2252821922302246,-0.11439498886466026,-0.2207355317843478,-0.18775071859714101
2008-10-31,0.07284855153197475,-0.32607533271699835,-0.3764278162015298,0.5421224709890357,0.3632934250477163,-0.4013769132208158,0.7577165217448402,-1.905666767378391,0.9192640750374227,0.43423508650571613,0.15274396146678784,0.4589293233362188,-0.21916699409484863,-0.13455578808983168,-0.27531265784774556,-0.25655603194058224
2008-11-30,-0.018285995339643868,-0.37158834519175993,-0.27065241224959363,0.6330107346590251,0.4199007821376984,-0.5903069295338882,0.692064559659297,-1.9693192951972935,0.7174139918646496,0.5687854123349805,0.15712536385142306,0.6617908545644486,-0.3048043002684911,-0.2884436696767807,-0.42512054027154794,-0.4190486351361719
2008-12-31,-0.029406420657068513,-0.3341470709384305,-0.22349782327742396,0.7450925041910207,0.5371672764055392,-0.9161224415505095,0.6493553681497263,-2.0490762351619183,0.5459342841946991,0.7821188558521343,0.1462546671138888,0.8432775120270506,-0.5144830544789633,-0.4949234127998352,-0.6443629848464436,-0.6364815413396908
2009-01-31,0.018158554780722074,-0.3226974532921645,-0.3150677809052443,0.8629096071065566,0.6141725128911596,-1.0571958609759686,0.7671117231048122,-2.4740445609831094,0.4845943665209611,0.9947346460904929,0.17600733073729002,1.0779289328834967,-0.7310878733793894,-0.6988754371802012,-0.8278701604955961,-0.8343406824383005
2009-02-28,0.08624827001296125,-0.43089864254232585,-0.2794484620323429,0.8523163462892535,0.7509377240870186,-1.2453779084861347,0.814277884565516,-2.9273715440825705,0.37753038595388194,1.081934814244592,0.23488912124513575,1.2803587599459452,-0.8117460409800211,-0.7750228842099508,-0.9054950029595394,-0.8741180662512869
2009-03-31,0.0762126738716961,-0.44355683358240167,-0.1729817207472277,0.696252942895701,0.8548039191557925,-1.3825313230304392,0.8767385547017669,-3.1496632331064447,0.24016706109566457,1.1975674222704555,0.1775254659504243,1.2544862986591028,-0.714095930258433,-0.6760727564493815,-0.8287772584339831,-0.7524504336567942
2009-04-30,0.07949600202825852,-0.42562974655022073,-0.10154671521705355,0.4627380596835755,0.7654776625345701,-1.4765201136981478,0.8469348033578141,-3.055855090972608,0.2590756717888856,0.9617275245949982,0.15395346619462466,1.0968937792836089,-0.5253103077411652,-0.43715562919775647,-0.6573412305531576,-0.5436775315109201
2009-05-31,0.10831717175721406,-0.36049913004375295,-0.002003216015776262,0.09721599732756435,0.6668197421284647,-1.18542035236727,0.9425548592805216,-2.721605502909821,0.26810007675339487,0.692878863524301,0.2070018061634045,0.9441565735733756,-0.26772982130448025,-0.1608684460322062,-0.3610493128099135,-0.30457847019196543
2009-06-30,0.24867142089783587,-0.37228885402588857,0.15218962474709533,-0.19661931898479526,0.5544346059569184,-0.788056476783623,1.2107762768944883,-2.5945123486674855,0.13417575328192297,0.2782457654046096,0.30689261797738426,1.0232697987548178,0.04946906119585037,0.1275197168191274,0.00598422885112343,0.003058337859970265
2009-07-31,0.28487043474989654,-0.37666813829382323,0.36380245178722115,-0.4382361717371282,0.5571140856316116,-0.3919353993103362,1.5549112322820626,-2.4875721094182497,-0.12929491554606534,-0.09564542359149875,0.11833334960023793,1.097724823091107,0.35455554475386936,0.37238804002602893,0.3558386234795436,0.3340413721202471
2009-08-31,0.3447900561022172,-0.4534403531840341,0.5394539853317571,-0.5710676018269527,0.2564417146081049,-0.2566404485330129,1.8722347794635246,-2.4472512306434644,-0.25145666462554256,-0.46989918158631294,-0.20297430645078926,1.0403806645730493,0.49346789717674255,0.5462675392627716,0.5407459695572477,0.518304339103221
2009-09-30,0.3429116478149248,-0.47800664244880164,0.6401474211852277,-0.7323995145326614,-0.051864516327156475,-0.07147820502629675,1.9917354331972572,-2.399701989834887,-0.3000601196640567,-0.6564037840672406,-0.45540766770777097,0.8477139007247345,0.599656899770101,0.665399968624115,0.6849179725612705,0.6458715522044894
2009-10-31,0.3138750452707046,-0.5556088774051066,0.7785163662354403,-0.8167029078617665,-0.3235640571566379,0.1616589160994146,1.9842327690727197,-2.378641461921205,-0.20056369013301104,-0.5356585177459304,-0.5374176361185962,0.6655975577307728,0.6652368903160095,0.8004579345385233,0.7634167456033593,0.7185593635099091
2009-11-30,0.3484813609298405,-0.6236389770703318,1.036738329795296,-0.8492539346900821,-0.28802654113688836,0.38660377309854743,1.8571989357284506,-2.3453337560991465,-0.1464417037592357,-0.3149554878790743,-0.655748668607833,0.6755437653660247,0.9439398050308228,1.0883698463439941,1.0283282704288357,0.9847887025263526
2009-12-31,0.5568972353523712,-0.7297580116081718,1.4050898421800457,-0.92493329134426,-0.17573296813564576,0.5327027319031153,1.7199847519729927,-2.181266078233094,-0.01637138357072081,-0.34471137215410286,-0.8547685280500746,0.8754698981650847,1.225981076558431,1.4032802780469258,1.295415273864273,1.2653186382857806
2010-01-31,0.9163736883866728,-0.7741718650700532,1.7425258976871227,-0.9848649505599457,-0.1611883270556068,0.5889232472030255,1.68205881801543,-2.0009512246782255,0.01539552963257819,-0.4948808960685267,-1.0599328659229075,1.093216812685518,1.4586851199467976,1.5775068203608196,1.5227743389873964,1.4945421321237757
2010-02-28,1.0947158165642255,-0.6142466433876178,1.8573035445148134,-0.9456831951389512,-0.1382290301237368,0.5271209196163924,1.6880956713174051,-1.595437308606564,0.13875278819813722,-0.8371083984940126,-1.0241793751802228,1.0195645200196821,1.3776319821675618,1.4690615336100261,1.4308643559113665,1.4180068124190377
2010-03-31,1.071216247755986,-0.42101892898148047,1.6671994937408836,-0.6994438664400021,-0.10833917461010935,0.3065742885172799,1.6184715537674768,-1.0932455746736622,0.36060854305251794,-0.8524605431427502,-0.7122138869371998,0.6990260650288168,1.1657760341962178,1.2511762380599976,1.2304610358103094,1.2104497734705568
2010-04-30,0.9207048567308611,-0.20617448422460563,1.4117385458509204,-0.15757745470090675,-0.006013825994942791,0.07772491681956616,1.2843176064995208,-0.46496144909209347,0.6499218895249217,-0.7069855500752878,-0.316912602699078,0.2591567067127019,0.7973832190036774,0.9237159291903178,0.8803155732921222,0.8736298493042908
2010-05-31,0.725735294232086,-0.03236846726691759,1.2430127036686778,0.1266316193415611,-0.042007474045775754,0.12637453480353952,1.0575980940336753,-0.136075651434969,0.8175900894401421,-0.5383056083679363,-0.12501104656407339,0.1960814863364803,0.28362319866816205,0.4999794450898965,0.3988933129675609,0.3908364309480512
2010-06-30,0.4958944755675024,0.11134182513150219,0.9978948094102557,0.13395155659272492,-0.08959364650061452,0.2347115822921925,0.6089696906403556,0.19376036633452456,0.7218387431028028,-0.5175340642309038,-0.22427269468475586,0.27748091941127356,-0.2846430738766988,-0.01705107217033704,-0.1811484747419796,-0.2011787722564781
2010-07-31,0.27259403472842986,0.2694170800550151,0.7071254734639516,-0.08932686736673207,-0.1540545068812496,0.38527531649391533,0.17640251637697535,0.4644755624656373,0.43241456573177217,-0.46319755985490896,-0.2743625980539881,0.3558199609454665,-0.7924465239048004,-0.49631789450844127,-0.7155804980042785,-0.775869824012053
2010-08-31,0.10668252159548898,0.40518317489476136,0.4364318828957414,-0.06253807451613723,-0.09435500569383748,0.24406698372557875,-0.4433277276838592,0.8092430582835567,0.020754617713426775,-0.3275553043852834,-0.12382165334700745,0.1943960606061659,-1.125259776910146,-0.896741509437561,-1.068925270246092,-1.1504795192654467
2010-09-30,0.002646225262994175,0.4683537505386954,0.29380562307847,0.047253285873577244,0.09113559348096727,0.18945350018170623,-0.6884848451604784,1.0867016859920346,-0.19195467677611375,-0.0986563807290019,0.12929005317035933,-0.13961876813543864,-1.3585994640986125,-1.2705103158950806,-1.3336925033298972,-1.384604742079577
2010-10-31,-0.1576113539377315,0.4684818176865793,0.08912286394062778,0.2127847343489517,0.2113773677696642,-0.006163867702359475,-0.6627675086152706,1.1883586284911234,-0.3649149346962575,0.09448851718113342,0.26610613100401537,-0.29152812448374216,-1.5247960488001506,-1.5846810340881348,-1.5297433844098276,-1.5331407118484746
2010-11-30,-0.20492517435121785,0.5559118047293657,-0.315585223502203,0.30314279066885064,0.26416958851408784,-0.09392427585514022,-0.5592336935422805,1.2740655610323826,-0.4331488772092765,0.27810557310269385,0.24546783653729834,-0.39150809796861114,-1.6179245710372925,-1.816401521364848,-1.6619649071812923,-1.6446942532475626
2010-12-31,-0.24834361115626577,0.7355456291796375,-0.7149242118245525,0.3913687962262676,0.21294318882426158,-0.18748509768734964,-0.5789356522312726,1.3113563656323215,-0.46950281631108476,0.49464374668354094,0.31993344402411866,-0.46176751174520625,-1.7411563396453857,-1.9976139863332112,-1.771791875936664,-1.7313304977310031
2011-01-31,-0.2786230044789479,0.921418398076694,-1.0256027065926234,0.30413130688619416,0.11222502593964236,-0.2162342202911158,-0.8008074822769288,1.3735054439702992,-0.32724537321934277,0.6342974677704194,0.5320087704021126,-0.6542563775846824,-1.7091900904973347,-1.99272882938385,-1.6878505991837633,-1.6621849381128684
2011-02-28,-0.3704850535901411,0.8153602899579128,-1.0947722637714385,0.25757945374000646,0.0043643352012946906,-0.05323662765420575,-0.875800668374778,1.4673429195796512,0.02156000716603394,0.8839666189707213,0.7014448545552497,-0.7307522245416068,-1.527799089749654,-1.7283750375111897,-1.4415891967419363,-1.4170895454442685
2011-03-31,-0.500706045906521,0.6138511818385616,-0.9259468052984232,0.1818925668760798,-0.1267570854434488,0.1940080876854782,-0.7161587419143342,1.3704023849945857,0.3442486027827028,1.0305072593673952,0.6690699406703478,-0.6817855039801514,-1.22817724943161,-1.3365798791249592,-1.1106568542943394,-1.13242964704112
2011-04-30,-0.4990505802234586,0.3458045400835618,-0.5866143396404724,0.23295153540805882,-0.13808511702977722,0.4888431834266444,-0.41020093051296164,0.9930014902205319,0.5820475266427622,1.1873778516790845,0.39062215464173883,-0.5247013602706277,-0.9108022054036459,-0.9897204041481018,-0.8320262646996396,-0.8598954245285606
2011-05-31,-0.44630259265391176,0.12350895158509234,-0.3791591208071199,0.2501538583863325,-0.16361437159381992,0.6185277921748846,-0.28869384455428615,0.6119396871700601,0.48447664447981365,1.0885280782503233,0.09391677071532939,-0.29515870207423517,-0.6733423670132955,-0.7981754740079244,-0.6478105937123958,-0.6572223788248995
2011-06-30,-0.3683180050000241,-0.09776911837621328,-0.2812405617032616,0.3425104195609075,-0.2519072156685349,0.7553288942828758,-0.21378461310800279,0.3223918592906802,0.10715135352540857,0.8909248616822447,-0.07626464622859634,-0.09795884960357194,-0.45761193831761676,-0.6112949450810751,-0.46710686565400633,-0.4432592417536975
2011-07-31,-0.41013604254800456,-0.33625029225630626,-0.26601122595681276,0.41024820703800313,-0.4945166509711061,0.8426655572596671,-0.0748066245047559,0.36582477924811324,-0.23921079763375927,0.7837829901872456,-0.010725081858713625,-0.0018974759802014667,-0.37449467182159424,-0.47087181607882184,-0.3910024453714634,-0.3565778187007575
2011-08-31,-0.568397491464948,-0.44420514728958627,-0.23749641185376794,0.5628096766339701,-0.732118894533018,0.9396259688322962,0.18442117413571835,0.2740527912235285,-0.4273901594590808,0.5850202200707031,0.004017082705383553,-0.07157551789130658,-0.4288332462310791,-0.4829310476779938,-0.4722823390688948,-0.44326160219914384
2011-09-30,-0.6644101075542334,-0.42338322296924563,-0.1567236854184444,0.6263500250517797,-1.0027432823905285,0.9312138151986568,0.3301277253542066,0.23165512980677083,-0.46564132212291104,0.4584661163070147,-0.038947831757210366,-0.03678813368237591,-0.5875231424967448,-0.6103988587856293,-0.6144708931556945,-0.6033006916562743
2011-10-31,-0.6396478885521556,-0.33262564187406823,-0.13809936746271434,0.5380377212980362,-1.1370890810422045,1.0150325268999831,0.4607035063811951,0.06451094972114542,-0.5145201065844606,0.34474591912695146,-0.1972109587385791,-0.026940061982001218,-0.8136938015619913,-0.8183993697166443,-0.795438742405642,-0.7934325218485521
2011-11-30,-0.4620208819634202,-0.33040466380457073,-0.1108010061583012,0.33739003850325733,-1.3321523656235474,1.1341756029466392,0.62479874885332,0.09732437191185535,-0.5161210074508839,0.4143364313922506,-0.22996814066211335,0.032674063944351746,-1.0103313326835632,-1.0422157049179077,-0.9511095491817173,-0.9830264734500881
2011-12-31,-0.29976215550003477,-0.4141643540836463,-0.17183555066569112,0.2184706499540152,-1.477958004946781,1.3568073308012742,0.7892906616257794,0.2450658770003523,-0.6220639665530098,0.6047880196841374,-0.3125377736271509,0.06002660042784536,-1.0892244974772136,-1.1305501858393352,-1.0440933540112587,-1.075851653052261
2012-01-31,-0.24027028467140862,-0.4576257769005474,-0.095514313859196,0.20461694341792525,-1.6845611206439433,1.549775054349596,0.919405996529879,0.5783807553564717,-0.8363936976372311,0.6817196724006204,-0.32279534265260595,0.1644787633682982,-1.0296420256296794,-1.0792168180147808,-1.0321550978406402,-1.017244046034763
2012-02-29,-0.24305898523293715,-0.46402302657819666,0.020065580543190686,0.2377245267928398,-1.6956744009858287,1.478769461257685,0.8643958716239472,0.8515270532357627,-1.2566701348888853,0.7224495903761982,-0.3823478758148684,0.2854800737163258,-0.8098049163818359,-0.8390256563822428,-0.854204265554383,-0.795729299726947
2012-03-31,-0.17676949220757035,-0.5132623377784203,0.2752018559410352,0.13957591239633402,-1.2539457691981086,1.2014549943527577,0.6293698414722954,1.056887261011901,-1.433011132582519,0.6025725935906424,-0.5514785533134712,0.3253775038183413,-0.6555270949999491,-0.6429954667886099,-0.6892112464866607,-0.6033694340812151
2012-04-30,0.007127237368646362,-0.6717848580890965,0.39334390414969556,0.009766429339175256,-0.98174140806357,0.6710828285686748,0.36577965418327035,1.0421846849821697,-1.4211692307537263,0.45497871413657814,-0.5981220134757247,0.3623313123466149,-0.5320958495140076,-0.4643644193808238,-0.5254125810577738,-0.4560051744930163
2012-05-31,0.1886509017021526,-0.7493599786162225,0.5236658163463168,-0.08205908971665794,-0.7824223700097495,0.41804823970071164,0.2757734958214249,0.9853520560497232,-1.022373723842048,0.44607101412060907,-0.43198271959893614,0.2906408194797271,-0.41266486048698425,-0.3169117520252864,-0.3745217809270475,-0.31548543756313147
2012-06-30,0.2581928071280494,-0.7379923734896696,0.5578161447121771,-0.022379693374775824,-0.7397686343152979,0.13182672319266098,0.34899107145303404,0.7705373965111212,-0.5571223733030661,0.49604066918688067,-0.2121053888900525,0.12331965741280716,-0.15534846981366476,-0.0987400511900584,-0.15106574116589377,-0.09756332295218528
2012-07-31,0.39704927040428556,-0.6171469557297179,0.5974142053312889,-0.07728145972897359,-0.43289178092835817,-0.22474226365686947,0.3747466697085983,0.7206272626595985,-0.3168228822889732,0.5949117897610913,-0.20677681899272007,-0.17118904311560593,0.16542351245880127,0.13386418422063193,0.10713370802363258,0.14717250946703417
2012-08-31,0.5481454251880934,-0.5292709957165432,0.6997801932386004,-0.39076984368687473,-0.07147658635085251,-0.7657396193917642,0.2991397107565379,0.6454378993967506,-0.29636976200807597,0.4032314891347945,-0.31999769009513973,-0.5673292550711547,0.4653427104155223,0.3734797885020574,0.37801850504606316,0.4163304892735236
2012-09-30,0.5809788804343645,-0.5193552241548228,0.9107736595541042,-0.9042314341507195,0.09064669169757351,-1.1909608376513587,0.18538476132940152,0.5404194602067168,-0.31841590300380734,0.09931412611676853,-0.2750041332794761,-0.7514585708942993,0.5641691982746124,0.45662638545036316,0.46185210980463975,0.4858639402784329
2012-10-31,0.44933462511964306,-0.46978830565523405,1.1662427249734646,-1.3096560331363032,0.22232247463742705,-1.2081260587802884,0.19126603463449773,0.383643556132449,-0.25628554054270397,-0.36089546847611825,-0.15764304711755947,-0.8390100533792199,0.49782053629557294,0.40648215015729267,0.40930465761502993,0.4298670219335698
2012-11-30,0.2803705071843168,-0.522347938516068,1.4247746555420926,-1.5366135115561397,0.22466520232058965,-1.1612954717570336,0.1946193500276663,0.2834517935107365,-0.20336853222723753,-0.7110550264413673,-0.1472142902749514,-0.8211454569038309,0.3541862467924754,0.2723102519909541,0.25449526083525376,0.26085956054406334
2012-12-31,0.2644676737209177,-0.6367519677433296,1.4712384979359527,-1.6879152324581819,0.22437063585975206,-1.07352508348471,0.27479900168443755,0.3284618504746179,-0.0989058452059814,-1.0045480921991459,-0.13601502244499344,-0.9696194030715309,0.14445644120375314,0.1293415203690529,0.12176111189375764,0.11614166500786786
2013-01-31,0.2509368419905656,-0.7071582896092036,1.516450201378808,-1.7835836479836435,0.3137235105973439,-0.9958059662969309,0.19448494001469593,0.5809511122490599,-0.04310580072540556,-1.3554816146112847,-0.10251558165251078,-1.2683381153777855,-0.06189708411693573,0.02052941918373108,-0.053446395263249756,-0.017695519885314037
2013-02-28,0.20124434259438473,-0.6604056852612149,1.407921888593499,-1.7222274554715609,0.44233266032092183,-0.8359344111094148,0.02135862500078421,0.8890679638338201,-0.016920619101121775,-1.6553683629245717,0.06419231220624003,-1.3719082975909085,-0.2244289517402649,-0.06779538343350093,-0.19269741580490854,-0.12149664273906234
2013-03-31,0.25117221438790344,-0.4490416253110436,1.1910099121468167,-1.4701052811601107,0.4676374872244285,-0.5879769600470793,-0.2587004176507595,1.1118693189590736,-0.0882362994729884,-2.0426832072417977,0.2070675973601861,-1.3206768307021963,-0.1880541074400147,-0.03317961096763611,-0.20238529571510633,-0.09790429314291571
2013-04-30,0.2667174974200206,-0.27816482696392764,0.8207531126472833,-1.189692552629103,0.40290200011976435,-0.4443182271317121,-0.23064831706627242,1.1731781910358317,0.07440490865450196,-2.403434564762084,0.1863851192570114,-1.1876592562233483,-0.11170076113194227,-0.001324734960993131,-0.15372609470437174,-0.04646215646819265
2013-05-31,0.29627902104300025,-0.11374490810052978,0.4915552168232404,-1.1456509196185733,0.41168528972867513,-0.15212713639998018,-0.13492622478359306,1.0430162687383986,0.1671329244350157,-2.5958247910137047,0.026493868305998296,-1.239030983643705,-0.18242447854330143,-0.032061233495672546,-0.18588860642472152,-0.08135297870947752
2013-06-30,0.18594424366661202,-0.00023428551946883444,0.2955041095393809,-1.077908823960224,0.4793456941366709,-0.0016464145177329294,0.0970718788249742,0.863675090594735,0.12824087619130353,-2.6220993715964602,-0.045715617294976335,-1.4373490121784005,-0.35521623988946277,-0.16343235410749912,-0.2861612234842024,-0.19053767090206383
2013-07-31,0.1270618059301481,0.10150386769850951,0.29185359716054754,-0.9251688824909704,0.5019452617943564,0.20622449498017226,0.17423589784003454,0.7032188292251308,-0.11259440427240419,-2.24528904316596,-0.1191382525470081,-1.5159760134258005,-0.4918523331483205,-0.2872777730226517,-0.37348351499420085,-0.3229144214863377
2013-08-31,0.16691461379762773,0.21225669040355077,0.07408629933144963,-0.57615406075737,0.47732352801219874,0.2228129033642178,0.19796267479627558,0.5865738560639518,-0.14141977961254124,-1.6879618624050312,-0.1525731776800349,-1.564269966896468,-0.4610885679721832,-0.3209735155105591,-0.3838799535863974,-0.35884831436709835
2013-09-30,0.08265570152351603,0.39502440370681313,-0.11092076218336443,-0.3516332339338916,0.5123671255560672,0.3146855165068298,0.03956516705079066,0.5381812338050792,-0.05207206008324539,-1.1255942845345877,-0.23201426710461412,-1.3684949980683738,-0.2849068446472908,-0.27065060536066693,-0.31918035871320033,-0.29786342498866114
2013-10-31,-0.051936083360197005,0.514003629130585,-0.2720643236844387,-0.30781975165044584,0.5969311691322026,0.2634844430594687,-0.16003221145353194,0.42532701587927385,0.05710203045420353,-0.7192140611240289,-0.2600160566784006,-1.1957557079888221,-0.14254145607507476,-0.2509460747241974,-0.26712932278836904,-0.2492881868839152
2013-11-30,-0.2541341187801593,0.5525587385763631,-0.20264003641313466,-0.3563710629044818,0.6858185056089169,0.2209304067344414,-0.25886854642521845,0.3188070207426887,-0.009749255182906452,-0.5055022168551639,-0.22952453662972358,-1.128069141784074,0.0310591480617101,-0.17738567541042963,-0.14791887377827992,-0.11703701033563528
2013-12-31,-0.30352110342564737,0.574579649527201,-0.10551357453701964,-0.36003893844328266,0.8426594902428747,0.13407052478809484,-0.22951751365479653,0.33566800078520753,-0.31118411300359083,-0.36428715300909503,-0.4259820049300324,-1.2594673371383314,0.11306874702374141,-0.10644582534829776,-0.12001899562570528,-0.07985727588575084
2014-01-31,-0.30222764217140885,0.6383784107513338,-0.042227678797168135,-0.19821504275630322,0.947504891239741,0.06761772296649905,-0.10994060794361331,0.41085623303677227,-0.69531217395027,-0.42172758900141954,-0.7178221246618975,-1.33825710398328,0.14041123166680336,-0.03942331795891126,-0.09701774181364244,-0.0330017111993555
2014-02-28,-0.26984538231861926,0.6625602277797776,0.041857574133699095,0.019230867393924916,0.8437646059498068,-0.2245402397767687,0.05447359129791742,0.47459794324757204,-0.9816022350457884,-0.5262088594926666,-0.9130238210678314,-1.2119670248529755,-0.02317088469862938,-0.11796753977735837,-0.2598534354449384,-0.14931324290344142
2014-03-31,-0.25204099648656264,0.608598605849566,-0.07547891692481239,0.27235200707703355,0.38065828232377125,-0.36664137317418777,0.16524554309187575,0.3966599351933209,-1.4204861891836578,-0.5946830251112248,-0.7694861428693365,-0.8709329218535666,-0.06797613327701886,-0.11986817419528961,-0.27066609453692553,-0.15384180853323612
2014-04-30,-0.20708046663554344,0.5515366326595036,-0.27074232239073664,0.4311172791739149,-0.07285140950544093,-0.3523458160523317,0.2834330980345678,0.18469067056287827,-1.7910490273409732,-0.4959264790376559,-0.6572271542701241,-0.7409359540214172,0.13032802442709604,0.016235758860905964,-0.11113940257584431,-0.024244803755692535
2014-05-31,-0.25812510204656297,0.5901034586955219,-0.47664439980418355,0.648298868135684,-0.2538332604337999,-0.23166821676117952,0.3620317298861035,0.005076234817986793,-2.227814357514752,-0.36929815542392114,-0.6937681949295312,-0.9247909560156344,0.47371168434619904,0.3061658938725789,0.1666070033838597,0.21155443653816197
2014-06-30,-0.4114743251323385,0.6171306460415212,-0.467582489487365,0.6994949205475297,-0.5649421321459239,-0.2003837702642094,0.4677189602989864,-0.07363317374364453,-2.2514762365326235,-0.04311043715279694,-0.7932139094185914,-1.291206824185422,0.6126684546470642,0.44562870264053345,0.3120572424835483,0.3390360984086865
2014-07-31,-0.5861555182558437,0.6704098263266745,-0.4090136561230469,0.7420076809581472,-0.9140344101198905,-0.26790141588546684,0.4010361403200478,-0.01704283895048235,-2.258447740854395,0.27503490925426016,-0.6045420920405933,-1.3894869853941547,0.4552963674068451,0.4070546974738439,0.188890747522845,0.26240855553233305
2014-08-31,-0.7517362369378559,0.8527155481249172,-0.35454936732477105,0.6163421947951474,-1.3949532669483202,-0.17117506187549147,0.1881035839485298,0.03679505283034745,-2.0438726563862057,0.5028645347707908,-0.26279751427027603,-1.2273104232343062,0.3296800951162974,0.3067667732636134,0.11324259168994671,0.20269903801715813
2014-09-30,-0.8904000793391115,1.1322899323122524,-0.3734965181721943,0.6355708881850299,-1.5272615147898125,-0.13732481681466116,-0.03080768929954028,0.15887764756201458,-1.7243941317093918,0.46296521854146855,0.1220741403349067,-0.9270719994164747,0.29558242360750836,0.27508019904295605,0.13861813110001303,0.22053571437134686
2014-10-31,-1.0531716098513337,1.2783373213234406,-0.4830092126241036,0.6512300781649749,-1.5710228654745706,-0.12887378999413612,-0.18388428048512206,0.14540822782954288,-1.523361925157168,0.3456986407440163,0.3691752835071642,-0.7909541989389215,0.42416395743687946,0.3506377637386322,0.3267585417331718,0.3684571243412547
2014-11-30,-1.229613226311634,1.2049224937025846,-0.5089288573973052,0.7279857842312821,-1.5451203041351331,-0.2602976812327838,-0.17269158955762398,0.10460277836758881,-1.5299525513001626,0.24262334947168016,0.5634452600239556,-0.7336238893612776,0.5682259202003479,0.4612046281496684,0.5232058346034062,0.5273057162625777
2014-12-31,-1.3138866673259806,1.10341902516278,-0.5297929571881511,0.7148613053998994,-1.4755271400259327,-0.4888758554790657,-0.14226007923870806,0.022446401240699344,-1.6548766840307199,0.2062886138931356,0.5945413515567507,-0.8580683645060052,0.7213719487190247,0.5758867263793945,0.6293926026818214,0.6433372208534042
2015-01-31,-1.3412269727928094,1.130088562654796,-0.4744623576516034,1.0725205841201955,-1.37393619939364,-0.6144417860820285,-0.03870710720204399,-0.03891178196101322,-1.4977546647395708,0.15337088256295153,0.5822395803150545,-1.0393504860761416,0.8200389544169108,0.6869674324989319,0.70930256608685,0.7369719258311602
2015-02-28,-1.2633365039682924,1.2507004451830765,-0.523399400031431,1.21137515102889,-1.264935566086535,-0.6329736924664474,0.07607545967037066,-0.038480928296083045,-1.1168738849863764,0.08307735690681148,0.5781232183870132,-1.197928686966023,0.7845974763234457,0.7235884269078573,0.6888553496618969,0.7434520263820691
2015-03-31,-1.2402082226223377,1.2382325628087696,-0.44642912309307303,1.0623056862412226,-1.1639412345347682,-0.4068503782643235,0.21314067868628692,-0.10253085936043581,-0.7106534517033664,-0.019477537642075892,0.40398043535160477,-1.182253776598926,0.7022840778032938,0.7113039294878641,0.6440524086536494,0.6939709612858267
2015-04-30,-1.2121621555047335,0.9858564787689562,-0.24659089292426675,0.18137033925908122,-1.0239529647252616,-0.10440893142112569,0.36600778357985986,-0.11070869549749755,-0.5640340274118185,-0.056264429860197425,0.25168321701475366,-1.0603689305160306,0.7680670221646627,0.7469164729118347,0.6715801653521636,0.7185611137563098
2015-05-31,-1.0456585655881503,0.5454286437007138,-0.11098060842048879,-0.49107595908550916,-0.7173222765657425,0.019616710104787643,0.43271949587224245,-0.3787899641745967,-0.47893509494672853,0.06156438907853093,0.14233528305134632,-0.9331732166162868,0.955661416053772,0.8942761023839315,0.7852845367550353,0.8107496584688169
2015-06-30,-0.6855735853430618,0.0802196683621707,-0.13881764606847757,-0.8518674650691868,-0.29346058170111716,0.006417429714294505,0.5844755545515491,-0.776922919822188,-0.5150686479936714,0.36178181004002324,0.1801913093492684,-0.8797747181964605,1.2531751592954,1.1448070804278057,1.0054078840483285,1.0167401075821008
2015-07-31,-0.4844047628836033,-0.16264914251918597,-0.23908586468367957,-0.8406755353033247,0.08349888181168119,0.04695153002418373,0.7116107469958862,-1.1130628906357813,-0.315996683823416,0.6860917130162334,0.225986737511113,-0.6949829963743394,1.5169527530670166,1.4056625763575237,1.2295951256239628,1.239042889395168
2015-08-31,-0.43364204827949376,-0.4714940668747631,-0.37831047318346345,-0.7643354015360971,0.22503321025198023,0.18250491950269176,0.8263110307313423,-1.2540654176186217,-0.25557365182397174,0.8685842525046586,0.29896780240599097,-0.4150565849091485,1.8263566493988037,1.713042934735616,1.54784338147226,1.5827080411663221
2015-09-30,-0.5106169991162132,-0.6280916022574737,-0.6269781846170698,-0.7522649997006899,0.16318181277417407,0.3304235055436318,0.8313412039500823,-1.3127092092735742,-0.15458252772684714,0.9709624459382642,0.3212917869692693,-0.10688011946539089,2.1115949551264444,1.999650001525879,1.8545903624234168,1.9215963266374023
2015-10-31,-0.5122787381058184,-0.6852782806261776,-0.9677235541040029,-0.8167092413569392,0.12455199644487425,0.3486026382966149,0.7215604756593382,-1.3537619680100494,-0.14846852531038754,0.9937317463653242,0.4403848823933216,0.03621401149515787,2.3903281688690186,2.2710231939951577,2.1714180276115287,2.239339917650946
2015-11-30,-0.5863942141627443,-0.5897858130379797,-1.197865774723363,-1.0551232421323087,0.03809562703302293,0.3942192032409865,0.5462828908884335,-1.3402649628829995,-0.13896397552897138,0.8753627124172922,0.5022999843288485,0.14854307904095224,2.7021964391072593,2.498098293940226,2.467649480974955,2.516742122099208
2015-12-31,-0.8058125383150857,-0.5436355260683704,-1.2925175279438177,-1.2592892648951282,0.05119032910100443,0.4903433858980976,0.3691852051361089,-1.2323465331406414,-0.17659546501977616,0.5603927572325272,0.7815242855504017,0.27022239229169326,2.94867475827535,2.656968593597412,2.684848275320718,2.715563076453982
2016-01-31,-0.9678155959340972,-0.6377705678380461,-1.2543574720107757,-1.465517237317643,-0.012341457216811203,0.5033195824605861,0.2910604609727265,-1.1868385426407697,-0.19303037035274093,0.27180456332091013,0.9808850490751491,0.49360697446854945,3.0600717862447104,2.7491541703542075,2.823067388063626,2.8501907586251476
2016-02-29,-1.0978809996375503,-0.6274415217536372,-1.130220723830763,-1.5317722696310376,-0.0006763602502321137,0.42133465441622087,0.2927325433365687,-1.2639150396071048,-0.1828502009321412,0.05426041695623984,1.0355982038050446,0.5669506403551384,2.8530234495798745,2.6128222942352295,2.7086721615682605,2.727962653118881
2016-03-31,-1.1043440425251403,-0.6904432539112939,-0.9352079257242286,-1.402902020444716,0.03412680606099581,0.3280945646328817,0.17909671178534306,-1.391815053341059,-0.17415738983115836,0.04158401606344841,1.014698384700276,0.5016789326662502,2.396869341532389,2.253211339314779,2.3297788792388174,2.361696584518033
2016-04-30,-0.9311635263742589,-0.6746155389766978,-0.7749932944947843,-1.191685190258809,0.14372313049434013,0.2120445174412164,0.012951750158185055,-1.458113576627207,-0.2802267982560184,0.09718316249567076,0.8631649406998214,0.37508602812364034,1.8331944545110066,1.723434845606486,1.7723661909947068,1.8254688666685228
2016-05-31,-0.6752797175290866,-0.6315578327024126,-0.6827009603143251,-0.9341570080999402,0.2635838286246084,0.22726364311517966,-0.20662876951984022,-1.4017590997286782,-0.3275565315554292,0.2464175084500079,0.819854413434272,0.2443290679762239,1.1347082455952961,1.0915149251619976,1.071221091500838,1.1537603175328235
2016-06-30,-0.367026488847535,-0.41369479810065296,-0.6323463519877238,-0.7919325698793457,0.45354436039942997,0.2260219157506211,-0.35022753656242345,-1.129511698800761,-0.18193082122049134,0.08430887910452121,0.8109967482287557,0.1687774792110465,0.4617597858111064,0.5036899248758951,0.4636279127316356,0.5578544114865305
2016-07-31,-0.24010086605289213,-0.2332958160717692,-0.5376981323559454,-0.5805577980107829,0.6055148291381042,0.3697613550976299,-0.5424902419447132,-0.8325853068866578,0.13891522893497013,-0.17613957821679857,0.8865232089074325,0.035477624911521614,-0.09933510422706604,0.025898724794387817,-0.06882213753901949,0.029210808424089702
2016-08-31,-0.16799510552929955,-0.15165555155297186,-0.4933667296303281,-0.4322497631946229,0.7613973784354187,0.4973386630508401,-0.6859357994790708,-0.4049059802565857,0.38755302590407004,-0.47255805205265,0.7729888028214663,-0.01708150875196865,-0.3947157859802246,-0.2823946674664815,-0.37840842113839585,-0.28100165009463507
2016-09-30,-0.08138507396101939,-0.2732414595861489,-0.4416796597514878,-0.32685421971693596,0.7735924554683892,0.6716463554180719,-0.836004767525394,-0.06338296603044657,0.5185920396466733,-0.47703032082130364,0.5238591733014176,-0.1758787048736737,-0.5053002039591471,-0.4388472040494283,-0.5115408516357162,-0.43217610620419206
2016-10-31,0.0031498014643591976,-0.347114936360388,-0.5391795583109238,-0.37485667472557765,0.8257163540361763,0.9017189461658903,-0.9532854611008176,0.21336528483788741,0.608867141246599,-0.4074921704009086,0.4136972960870427,-0.20638714647792947,-0.5647730529308319,-0.5645223359266917,-0.5921851739633027,-0.5075697811548378
2016-11-30,0.20047643184445207,-0.3217685488866013,-0.599525326275299,-0.4382614806665152,0.9425968741342757,1.2434279842262066,-0.9742957867522232,0.40747929436009994,0.7876012892534319,-0.2636701013729053,0.44405256060719056,-0.21389495233841804,-0.5648607114950815,-0.6036148071289062,-0.6023365381040858,-0.5168609782220167
2016-12-31,0.39642636267802295,-0.1925625721751755,-0.7195929118591273,-0.5606646231337079,1.1681014304540875,1.6058459789680064,-1.0186749338057677,0.5365483202610263,1.0328522109317972,-0.1541253628605961,0.6045891451117299,-0.05555200802012652,-0.5204827686150869,-0.5790822704633077,-0.5550298807782167,-0.46877921172579134
2017-01-31,0.691777314820044,-0.12683017497019125,-0.7921340244627229,-0.5476310102445288,1.3404318383600273,1.7913768748488417,-1.1604070737900294,0.7057205151194755,1.117897107007064,-0.08911018813422389,0.7269619599932057,-0.07614925756277195,-0.42569446563720703,-0.42681867877642315,-0.3813826649532712,-0.3132884338414234
2017-02-28,0.9909422447840709,-0.11538052816599308,-0.8286136052735715,-0.503017023395593,1.399787827746873,1.631154743938505,-1.144138475906571,0.8255409184013462,1.1935641645188024,-0.1813639023037971,0.6976084329217264,-0.06743328633486458,-0.20587983230749765,-0.21172426889340082,-0.12218177478979686,-0.07158301328988172
2017-03-31,1.1846222390272967,0.012720399722026654,-0.7878344024088667,-0.31174654736683344,1.2382382185580072,1.2243807253001446,-1.0320887838129968,0.957481064232323,1.2546549260638402,-0.2968222981445379,0.529744661846723,-0.12142756990793258,-0.02015716830889384,-0.03460743774970373,0.09521649413327417,0.1397202743636695
2017-04-30,1.1843801718282363,0.11951842023149788,-0.7459245358300722,-0.09600975858412934,0.8797090524467385,0.7921634265195386,-0.8661248556670543,0.7732401287979606,1.4225737606161812,-0.3168597480573911,0.3324354134760223,-0.062291743918704096,0.1762647827466329,0.10633913427591324,0.2704043730338139,0.30591389793025187
2017-05-31,1.1108215222766558,0.2252248213096094,-0.7612978777150262,0.07617315947708045,0.47583214565804005,0.6246075429016521,-0.8725628991912067,0.7737719510729125,1.545786179619686,-0.2805534744491257,0.3442326449148436,-0.12928875535260842,0.25946715970834094,0.196150874098142,0.369482892710774,0.39921693843124934
2017-06-30,1.0164201681593654,0.16137838489964015,-0.7539486171658831,0.1473600488317789,-0.018097916165276784,0.6200810173205243,-0.8755631334776565,0.8306133673615878,1.6074882742925165,-0.3910081805856489,0.6449397069465924,-0.11405775872366082,0.3365066746870677,0.2761787523825963,0.4264241359847683,0.46101651435393703
2017-07-31,0.9842128734455874,0.0850343794605437,-0.6885998427955117,0.10014748331436839,-0.41087210051171286,0.16461813881873275,-0.8160725775930024,1.2350917612857581,1.6964990526197463,-0.46452352097188215,1.0003435708058726,-0.11383834407503503,0.3245261311531067,0.30110517144203186,0.4251404646562283,0.4566793212508266
2017-08-31,1.010223546127527,-0.10100487049691405,-0.623091743107025,0.08878247680666644,-0.6258437669401034,-0.28921190882549724,-0.6882981941596665,1.512596988969447,1.8133341634210887,-0.44124755354413536,1.086273893637856,-0.12388133833633524,0.1397773673137029,0.1414965738852819,0.22422986250506005,0.2617155856105022
2017-09-30,1.0759311206703472,-0.07702520522231651,-0.5990900906737346,0.0847459200647022,-0.5277379789667462,-0.7601505013796306,-0.6544808587300546,1.6394824326948605,1.8407172282790656,-0.190624938269232,0.944275083316517,-0.06259351053801045,-0.0976088394721349,-0.09696544706821442,-0.06010258288156959,-0.020109865217129874
2017-10-31,1.186043983707932,-0.057158485578616275,-0.6220672726866815,0.09351190597514715,-0.48485181695501306,-0.724432438502728,-0.6373703909634355,1.7168678477098662,1.91701921963896,-0.12042555445030922,0.5927138800872082,-0.056638793520446234,-0.3494414935509364,-0.3464694271485011,-0.33880056928034546,-0.30408097550909474
2017-11-30,1.1866559834643413,0.07700294567329354,-0.6603183381111083,0.08045035032683498,-0.4416656114431899,-0.7192262472975076,-0.6552190384390285,1.8208914467488206,2.0781213190626864,0.011843453479177238,0.5974948707877085,-0.029445766440171595,-0.5917963484923044,-0.5871096948782603,-0.6067801484410795,-0.5546896169856064
2017-12-31,1.2801398892446934,0.08956632486376308,-0.7757161523235728,0.09666930809040349,-0.4532556658215066,-0.6879085689992525,-0.6074944965862626,1.9604231617986336,2.441764935697203,0.04384577854034571,0.7162129460329139,-0.26992771211143074,-0.7508294185002645,-0.7522724668184916,-0.7968572466963103,-0.7343613197354357
2018-01-31,1.3557460239023704,0.18310626785763387,-0.89146999305271,0.016322418511935832,-0.2789705732428243,-0.6599012772368914,-0.48112205636755084,2.08409167747052,2.7456901368943663,0.2503373602648136,0.8544953796199674,-0.48212463901471386,-0.8105972409248352,-0.7845580379168192,-0.8333071733505376,-0.7558767200438998
2018-02-28,1.3946786685501864,0.30085144241135886,-0.844464784529703,-0.17401567519967595,-0.3756828623385627,-0.5629985887170047,-0.3939689899455003,2.165963568818938,2.9041740832623346,0.4765059317505849,0.8178444077894249,-0.6518391570015337,-0.7504179279009501,-0.6836284001668295,-0.7507653069471146,-0.6786724811972157
2018-03-31,1.2908530644430398,0.4825923481252093,-0.6366086376319412,-0.527923526522324,-0.3654707847646399,-0.5833120178881782,-0.19764137898829529,2.254755133743228,2.8725314356609832,0.8008227928984116,0.5904277484888153,-0.6731310677220721,-0.6850960850715637,-0.5844012498855591,-0.6500312925631847,-0.5916501651832035
2018-04-30,1.0436333627367171,0.5294836017091157,-0.34643798360696815,-0.6839659446393446,-0.3359384573602377,-0.7433074576874027,0.038791698964027954,2.269154071294937,2.586670565009195,1.0758958576606752,0.5227865521912604,-0.45963726119384885,-0.5872704982757568,-0.49981607993443805,-0.599505374337442,-0.5488629653686501
2018-05-31,0.63978340136262,0.4609499443210789,-0.2662776168249676,-0.703237939672535,-0.1359241785728632,-0.9010795028202209,0.3472668283442772,2.30235572082054,2.5593207659681405,1.1516633036560746,0.48845824099600854,-0.10679543139726877,-0.41374138991038006,-0.34227891514698666,-0.4221761671875077,-0.4087281791681037
2018-06-30,0.04166897974851824,0.20813942990782527,-0.09613371132005204,-0.4832689233606611,-0.0947606273510546,-0.8731922264015145,0.6606245369310138,2.46188423701398,2.6881764157589974,1.097469555891224,0.5644139892541365,0.17674476036645234,-0.1481300244728724,-0.12344155212243398,-0.14283870285326597,-0.14013590951056185
2018-07-31,-0.46696256767956834,-0.03356274455924296,0.04590023102140097,-0.3244511089990316,-0.22456127782508903,-0.7706868227236963,0.9364020382952339,2.567902307391245,2.8595400857748134,0.8508572838665641,0.5952058326565585,0.3742748177951194,0.08051086962223053,0.05674487352371216,0.07645305085129354,0.0846809970974829
2018-08-31,-0.8340077462234662,-0.028957795739672543,0.36560201313421975,-0.17992793259142015,-0.23137800122158758,-0.6668177049325005,1.2788115936135955,2.597897939345866,2.5127356706385577,0.5938744345525914,0.568319139844166,0.4716119408228179,0.19901242852210999,0.18466664105653763,0.18431775263927253,0.19408906329904174
2018-09-30,-0.9602413730487179,0.1259785697412627,0.5285969635317755,-0.056697756833328374,-0.17436336605695565,-0.7531298695720073,1.5160932387595558,2.2898098240986315,1.8492171424555153,0.43869970068704583,0.5321248552097527,0.5424038416557176,0.23900159696737924,0.2803220897912979,0.23797756780165316,0.22512346678016237
2018-10-31,-0.9346221851657006,0.3376888987766237,0.7818186931811294,-0.010376511137941809,0.052719458214717435,-0.6937791527910172,1.6751697459143957,1.878150271188857,0.9631205531738282,0.3363644219853145,0.4853125677801766,0.43043024895376053,0.41591640810171765,0.4737501343091329,0.4476248826820397,0.3870250037550311
2018-11-30,-0.878632160775359,0.41483145218703754,0.9801209275545718,0.14984934014744097,0.31637258899261395,-0.6648265513249337,1.7086368420752187,1.3660916915696653,0.45868620340785204,0.29080612211646134,0.5471085116511396,0.31082414261778607,0.6685920258363088,0.688053677479426,0.6552060433007313,0.6040056443654042
2018-12-31,-0.8699981117240919,0.4382536454606721,1.1098938019409872,0.2718992877710935,0.5551916592819377,-0.5229215769708966,1.7743827876601659,1.0836081164546898,0.24998818717047835,0.3101036810719681,0.6981084111996821,0.21061908404910315,0.9068282047907511,0.8876251578330994,0.8288421974184015,0.8085547560326352
2019-01-31,-0.9560517097740172,0.537840662177864,1.0496294532865897,0.5407467084602108,0.7090596600255098,-0.422617998985854,1.89850305809569,0.9429848033355491,0.350501592151792,0.48481829074652416,0.8289899002458028,0.21972136007658694,0.8971020181973776,0.9138595461845398,0.8036398675308912,0.83634374042826
2019-02-28,-0.8890334759502595,0.568903602034356,0.8456520433953156,0.7223895279111274,0.6500277105829405,-0.1532563717916024,2.006744937452494,0.7021048890779097,0.13526770342055705,0.8489126446526712,0.7568115205849705,0.2506601919639198,0.819180428981781,0.8814345796902975,0.7938380667595482,0.8316786621932919
2019-03-31,-0.6595254678390265,0.6398858497239828,0.6131266839947997,0.9025396762972346,0.6033057397895798,0.18394063594059726,1.8622833832372525,0.39585339190253066,-0.07607380436197554,1.0301864648313919,0.5264689231322087,0.4021142039390521,0.8294710914293925,0.8977994322776794,0.8584553307314268,0.8788966684451118
2019-04-30,-0.5476891856676215,0.6647645445737987,0.38379991635931393,0.8541352298744865,0.4826482798902825,0.4784596443909736,1.536329069511155,0.2159155802139033,-0.3959383298119123,1.1851013772071617,0.297445868505392,0.5260432992003622,0.8323071599006653,0.8868376215298971,0.866467704013275,0.8635084980440478
2019-05-31,-0.49819504320957336,0.7245227566356789,0.25891522485474927,0.8859859890430224,0.4266250158227125,0.6700356056466115,1.0945369502949294,-0.24134857178555533,-0.5563278999901448,1.3001779182422089,0.2299599934154352,0.5269991825858866,0.8487288355827332,0.8713242610295614,0.8714473531889727,0.8620239126275501
2019-06-30,-0.3712626532401722,0.7925970667382453,0.18799788612528057,0.9849815543910755,0.3373826454322522,1.0512444798521203,0.4925076698821016,-0.9905053010385602,-0.7477484187365339,1.4337999839453517,0.2776420691462871,0.5092745671482667,0.7066333492596945,0.7390434543291727,0.7279204058827813,0.7256209138641619
2019-07-31,-0.2108171106104283,0.7819182991941941,0.034429537029519695,1.2882187979429445,0.37046709217375323,1.5519749780669592,-0.13579010606565858,-1.841458806509209,-0.8063568363274548,1.3743929287024674,0.42000193286097565,0.5583489517875978,0.6272067626317342,0.6358852585156759,0.594168335943555,0.596996953408267
2019-08-31,-0.10580228712069266,0.6429756819929896,-0.27912787726507565,1.5836015712103173,0.5049622801861516,2.0153408651183073,-0.7113946955372225,-2.2630018943782058,-0.9006901787640338,0.9764703283959594,0.44068479643913006,0.7335215457871809,0.43172230819861096,0.424945409099261,0.31694350565296153,0.3414480987574047
2019-09-30,-0.1502077716007866,0.3380778720274513,-0.43045976263447994,1.7149113840624548,0.6098676364071784,2.149242071710567,-0.8561422408024545,-2.225382307656594,-0.9455831844540832,0.46353769572487286,0.49992980077974475,0.9224487189341563,0.23035036772489548,0.2419166974723339,0.08088480948134084,0.10191181074481066
2019-10-31,-0.042133352388340296,0.01192004162830205,-0.3706523265791944,1.8256724874701644,0.6223173736626183,2.0279079543156064,-0.8560810977547993,-2.189191011485732,-0.9915914588108654,0.07341353199738093,0.4245782216849105,0.9161781762524214,0.19751502325137457,0.20304421707987785,0.13344285079304732,0.13128148742155152
2019-11-30,0.027759175553344867,-0.18410214410037443,-0.20945478537021933,1.8563244068183986,0.4703213673953595,1.9260324883273567,-0.8447722821620567,-2.1648313326773168,-1.079424102752507,-0.21561250568386237,0.3854121083989657,0.7779231549782594,0.3232349033157031,0.30247904484470683,0.2896822557615477,0.28418671307339255
2019-12-31,0.05921368833471974,-0.3383431077759058,-0.12932879009110657,1.9889866165872665,0.303354627899647,1.7577929158325727,-0.9893001860133751,-2.363601947765678,-1.2693241007866594,-0.37806391691406427,0.32673332792418974,0.618539082586601,0.5027140378952026,0.4264887074629466,0.47085126055814847,0.4805662107516538
2020-01-31,-0.06851803933332755,-0.35495683210300194,-0.11712593133215055,2.0798123604738166,0.11923311429220856,1.6363096976102105,-1.1231852731192182,-2.531727451936287,-1.2270450677836828,-0.5749230139775139,0.3442138922501772,0.5691866802526004,0.5702235301335653,0.5100836853186289,0.5129982560785095,0.5485341467692223
2020-02-29,-0.2113096898476454,-0.37597140877712404,-0.0833823179224662,2.0101589542684497,-0.10739534590411697,1.4050802311180532,-1.1354027197732859,-2.6679820614446275,-1.1076709802063833,-0.5480672813480787,0.39804605144668653,0.7037924020956057,0.5154178440570831,0.5691170891125997,0.5226747811217067,0.5521606908777698
2020-03-31,-0.2845137553905203,-0.2703568673608879,-0.12872772671503216,1.682945875794899,-0.2734325442351975,1.1287775259459665,-1.0536733298711778,-2.510190876511326,-0.8589397998171839,-0.27273809591130865,0.2773333442601928,0.7193292573803819,0.4701143701871236,0.6501840750376383,0.5437037265148915,0.5737405105514549
2020-04-30,-0.29311419410204625,-0.053057813451869516,-0.14073410123344995,1.2958118164941328,-0.20086308390751786,0.8218926825994736,-0.9492571557732411,-2.266112239150831,-0.7803423387392138,-0.12177332817309643,0.11425655162489652,0.5868341624000037,0.34381942947705585,0.6087127129236857,0.469916899081056,0.4972887958266637
2020-05-31,-0.4246590849390028,0.07662587337878093,-0.2610568978202494,0.8027066588780936,-0.09309895278631558,0.5147966240161399,-0.9290607209401033,-1.9200056102351784,-0.6065790763598459,-0.13804723050916937,0.10372115816257249,0.45097564769256954,0.02018924554189046,0.3493053118387858,0.2286145808126028,0.25990786862198684
2020-06-30,-0.5227763126595372,0.1795887244264862,-0.27092059367467053,0.4452444436573147,-0.03778774393477743,-0.05700835701001994,-0.7895935603881686,-1.721368768756509,-0.7088183763908557,-0.6835490785014491,0.3657274714755414,0.43133308315041413,-0.31058703859647113,0.0035885373751322427,-0.066569995698541,-0.05246578356141507
2020-07-31,-0.6334474425536855,0.1606643101780548,-0.3317806826589844,-0.08842703405377772,-0.14676621101222762,-0.596387659465128,-0.6155785544062865,-1.5612938350345906,-0.8494704863365898,-1.224391414551107,0.6257940213710107,0.425014116196132,-0.5056823293368021,-0.2607189516226451,-0.28897239285714704,-0.28647201094677793
2020-08-31,-0.47357932777859607,0.22193931428725386,-0.3250022286997306,-0.44015963575289224,-0.12906999372628394,-1.1478574595313777,-0.4277760172857777,-1.329060340998107,-0.9678956588712525,-1.6420524973432757,0.6470585840458608,0.37473046221932943,-0.5069090127944946,-0.3847573697566986,-0.42521790344181004,-0.43499451562525326
2020-09-30,-0.3412281218612065,0.19331447497051332,-0.47052175640927496,-0.7400707161720441,0.04771737168088478,-1.4109244785768966,-0.31571308772285794,-1.0874146880333257,-0.7655924908247614,-1.745457125902797,0.4907147602818674,0.368090800165791,-0.6423542698224386,-0.535129318634669,-0.5888476440325464,-0.5884736393148481
2020-10-31,-0.2588477416305499,0.08079212541717669,-0.5935529298117791,-0.9699300343165022,0.15435620083578783,-1.4435123825554028,-0.15495056925838627,-0.8734775151749877,-0.5331045484846421,-1.6297965708987434,0.4127038140316374,0.39264105426108936,-1.0003342429796855,-0.8721642891565958,-0.9340433721307052,-0.9332227185160967
2020-11-30,-0.2635520582256253,-0.034423188659201,-0.6903862836330683,-1.1794131905939291,0.1914842236743518,-1.5277578860141716,0.09579970072067544,-0.724193430885744,-0.45603780236169617,-1.5246563992032736,0.3368515941180945,0.39324970676425813,-1.2939984798431396,-1.162451942761739,-1.1873469185906687,-1.1823219148294717
2020-12-31,-0.29978549091872103,-0.1045362716380837,-0.7015825546374054,-1.462730758907842,0.09095320973574139,-1.411496369443175,0.407611399805817,-0.5944844650687972,-0.611745944562069,-1.4205922835289089,0.26492810372282255,0.38452990134298465,-1.3794261614481609,-1.303450385729472,-1.2865061937247237,-1.2654835279519085
2021-01-31,-0.22307647895208738,-0.19195383279494763,-0.7336172848584016,-1.705948033938003,0.10224390423345599,-1.4551434840922253,0.717297005230184,-0.5458049624008646,-0.666255092941725,-1.3633144817778742,0.08052264473147504,0.43395984941264665,-1.2095080415407817,-1.205511709054311,-1.1599102111138524,-1.096766408645143
2021-02-28,-0.24612162975134788,-0.39374894525630477,-0.6433430323282529,-1.7163614732826744,0.15395840276135678,-1.3345787221324035,0.9642769348908291,-0.4987366661786961,-0.4124635066968972,-1.3425268110767725,0.09779417199583572,0.5358096489863269,-1.004922608534495,-0.986630360285441,-0.9531925622005755,-0.8556943166969376
2021-03-31,-0.30833934436936167,-0.5252200050682304,-0.505365809162969,-1.3835808841200656,0.3228224718717437,-1.2707045314331387,1.151041430726653,-0.4431686626189928,-0.2126501720289642,-1.3019128187994269,0.16967263067492788,0.5503828265114507,-0.7597152789433798,-0.7314695914586385,-0.7406109168990153,-0.6432846340464825
2021-04-30,-0.28399010613223646,-0.7577813762122768,-0.2823002075713184,-0.774127629937504,0.28536670147504756,-0.9260506159940486,1.1633035707348773,-0.31252586121966314,-0.15752865502670801,-1.2425670042692545,0.40512348836841894,0.5807952666214338,-0.6696590781211853,-0.5948546727498373,-0.6211407623734487,-0.5640975114472738
2021-05-31,0.002105629969182732,-0.8045586510964261,-0.17328947839796496,-0.34764363294655615,0.2640397548538362,-0.7302042076942911,1.2271240248767687,-0.13973410028371064,-0.6220355910297475,-0.8679189940458633,0.5721572952756898,0.6227820965756722,-0.5382606287797292,-0.5070582429567972,-0.4443633435455708,-0.44039795522318154
2021-06-30,0.34223256218171133,-0.8680401720382377,-0.12611037484854862,-0.25055876891256296,0.1955023932140373,-0.6493732647295157,1.4417375958968204,0.08389681756465384,-1.0896554591197585,-0.6031529685406692,0.5073165922751356,0.605783702604847,-0.44549523790677387,-0.43506698807080585,-0.30142477470615775,-0.32136144422570273
2021-07-31,0.7081159009270467,-0.893810967717069,-0.15511947791471306,-0.3450654242753264,0.4357568886393586,-0.735388187063933,1.8204422197629064,0.4074040253837798,-1.2632074877697448,-0.5369782252762706,0.2661643132271638,0.6205245933901292,-0.39510831236839294,-0.395261953274409,-0.2112756875410257,-0.22676981712578995
2021-08-31,0.9067286136452944,-0.9937212985228742,-0.06270220307567012,-0.4688136759372156,0.6268727791212849,-0.7253424632186727,2.0844916442542227,0.7279519178726668,-1.0323404197443034,-0.9889995718424996,0.006184558139275403,0.4794212199041739,-0.4158116579055786,-0.3748216728369395,-0.2664553737063729,-0.26378461053090346
2021-09-30,1.0916973493339308,-1.0393021896007746,-0.0994835395854169,-0.5267245539495264,0.8399386827579794,-0.5195084943584246,2.085244851726338,1.042156293361905,-0.5808501516653456,-1.300420815650793,-0.10038701244953545,0.27795540066223756,-0.5276184479395548,-0.45411978165308636,-0.39933434109074645,-0.3732367088305721
2021-10-31,1.2384500343526197,-1.0087818666001411,-0.23692221589773296,-0.6901103476808464,0.8330803304343365,-0.45716314335105107,2.0176873780374014,1.1939241197167796,-0.49430978334658865,-1.428797772209666,-0.13272992169904546,0.10017653332574777,-0.7339244484901428,-0.6370886961619059,-0.6406794597719818,-0.6037626371298406
2021-11-30,1.3603789931333683,-1.0352461812832157,-0.44724672515487335,-0.7479903563080382,0.849017195341259,-0.5223647477997461,1.9976175428496552,1.2765539439932565,-0.5858466179499358,-1.3917104886901672,-0.324218120619022,0.09234414826372274,-0.882170577843984,-0.8297291398048401,-0.8324332303673718,-0.7962522662089059
2021-12-31,1.5600720081514314,-1.1495816195075923,-0.4988812978936252,-0.8064341595314399,0.7802401047290534,-0.6127939296881407,2.0608624947493923,1.2485471161014623,-0.8501776423271487,-1.5200713846634881,-0.5128336703818255,0.32632360650440595,-1.0154677828152974,-1.026557187239329,-1.007751090266138,-0.9846503921167041
2022-01-31,1.6895277276302931,-1.1654531140472828,-0.4911622242306524,-0.7998945889515897,0.7752742095501666,-0.4645535400841027,2.050811444505687,1.3638055608793829,-1.0037252236295195,-1.559231173263319,-0.7717246295988235,0.605880190611309,-0.9243654211362203,-0.9532053470611572,-0.9343124926996209,-0.9046825843842577
2022-02-28,1.8366805786975153,-0.9384469214219445,-0.4653961673762355,-0.8400250143772192,0.7691226825581471,-0.15941278110331383,2.028094452589076,1.5254403262745688,-1.009770685404604,-1.3770262363632542,-0.8692703976968686,0.7721303243213348,-0.8629788756370544,-0.8109637300173441,-0.8171829843038915,-0.7975027044858248
2022-03-31,1.6825125528007108,-0.8340817429803353,-0.3060479752184321,-0.754571738890576,0.7022405626638853,0.15663838217429452,1.9960303367674188,1.7424551907526966,-0.8027166319237264,-1.2171521132017877,-0.7156122973902815,0.8722895085296257,-0.8816480835278829,-0.7025646964708964,-0.7896014051018696,-0.7726005540519642
2022-04-30,1.3905029368959687,-0.6328424287263938,0.007096511509601666,-0.5304720224445361,0.6337663646063536,0.31476166296648506,1.9863573299410133,1.7743509539069777,-0.5095455756391832,-1.1867516282625494,-0.4223463828199671,0.8316497332312712,-1.0062748789787292,-0.7655560374259949,-0.8916425430657883,-0.8778355128964214
2022-05-31,1.0310557968161544,-0.6181822401568792,0.2829954808675024,-0.3128509609496069,0.5858475986613895,0.3774817878694552,2.0745870717165946,1.722772319344502,-0.3729766457594233,-1.441455896925965,-0.3518602902632688,0.820156538230569,-1.1497149467468262,-0.9284434715906779,-1.004172899916748,-1.006823396073255
2022-06-30,0.7803170435821808,-0.5043966924918023,0.28638927475883796,-0.1175505765920072,0.6609030430545093,0.3402436049337638,2.3317524564992493,1.6478326302007282,-0.3462525413247241,-1.4927152694505323,-0.5171416237927592,0.8910246139063239,-1.0721424420674641,-0.915634016195933,-0.9165790878959315,-0.9399472873875272
2022-07-31,0.4431125757577689,-0.5235937938899031,0.14393025574733712,0.09691001578916529,0.6797045129838053,0.35427238745781403,2.5650101167471537,1.6766554836028922,-0.4204189450375981,-1.5144508077372334,-0.6578774688509831,0.9216715837779775,-0.9451275865236918,-0.8464013338088989,-0.7867192518804632,-0.8344106642296989
2022-08-31,0.07319542338813982,-0.4122097475623601,0.068965167996027,0.44647934825800356,0.6362208760091012,0.3362021686179392,2.559424705233471,1.6263162039531422,-0.3988444261633132,-1.3051108064417143,-0.4149346304879571,0.9129488238601078,-0.8647766908009847,-0.7720518906911215,-0.7758607039063911,-0.7893431640791059
2022-09-30,-0.2621306420603477,-0.3297500097387349,0.09537983065172813,0.8196673389607151,0.5802643704395564,0.29464753103589136,2.231402443738597,1.5276821318096356,-0.3559822823952697,-1.0824171375268994,-0.24007414965439425,0.7166442063974516,-0.9134717981020609,-0.8039501905441284,-0.8730900437694326,-0.8782577769706398
2022-10-31,-0.37335628023843825,-0.3127843408294002,0.15007516824509837,1.1367077358013689,0.4519844035707022,0.13447861245225093,1.8515935649336368,1.3183404096482867,-0.14661571514580327,-0.8539126476235945,-0.16521223082290792,0.4251102458502624,-0.9991827408472697,-0.8930767973264059,-0.9532830978880636,-0.9558224545095647
2022-11-30,-0.43578205914376955,-0.41845368346390704,0.11759528187611266,1.392938554267048,0.4398725042312491,0.13293195165833507,1.6383835091034342,1.1385496180307346,0.05495280244919071,-0.7294190277712352,-0.3010161300221382,0.13512482863678507,-1.0488337874412537,-0.9766706029574076,-0.9992161605627686,-1.0041603312762075
2022-12-31,-0.5379628161668119,-0.36005835834624506,0.14046593460492254,1.7475177936938031,0.5970071156037955,0.12841964128107525,1.5627624314759263,0.9260532343992743,0.13963330357003895,-0.8005913725851749,-0.2650676423876247,-0.12277939775497702,-1.0136301914850872,-0.983574390411377,-0.959455912532596,-0.9529853746539235
2023-01-31,-0.7168065140657024,-0.3027238211338019,0.1670604013279744,2.0362543008667946,0.7766953301753604,0.19588017165776406,1.3801739067324121,0.6678994210324808,0.16676035121679847,-0.7835496625270598,-0.2741948069424389,-0.2727868286817859,-0.9219971696535746,-0.8238277037938436,-0.846937639865243,-0.8238426280590163
2023-02-28,-0.9513687149179063,-0.31015910192823004,0.2569314881638381,2.080199896323524,0.6473051266720427,0.17882504923838513,1.0966073478869105,0.36020191242006283,0.17606992801818955,-0.6252645109960782,-0.26510649295285443,-0.4043960843608157,-0.7746089895566305,-0.5745374063650767,-0.6143759222286281,-0.5938928916770094
2023-03-31,-1.2041113242852093,-0.3530314041128076,0.32381783916611145,1.7785797474043832,0.1934753973608875,0.16490480779727665,0.8605362704005796,0.04670177357000963,0.33921164357268774,-0.35651968701904385,-0.3395528235387138,-0.40847007278189484,-0.5447565764188766,-0.25210240483283997,-0.33499590670933393,-0.2939091046827336
2023-04-30,-1.3410783181032417,-0.5174772569173278,0.4123985230362366,1.337973515735685,-0.03824497524854895,0.14199591698861644,0.7622280672327352,-0.0996247488052459,0.4497647357652541,-0.13888242682647187,-0.30041584661054216,-0.17531740720357106,-0.28744462753335637,0.013051758209864298,-0.07409609726501934,-0.04844553442939895
2023-05-31,-1.2412666331626985,-0.4406962492105782,0.5335055246880236,1.0566555463556562,-0.17890345323549037,0.23829592004223366,0.42830694509435513,-0.4794429094713781,0.5157538071590516,-0.0367574804645709,-0.2430318737429887,0.05935931686069298,0.05391509706775347,0.2668924033641815,0.2473889447185559,0.2643237151143293
2023-06-30,-1.0283287744705571,-0.2716508430700895,0.671640958349576,0.8380260094479773,-0.18337662386122733,0.49791982956602027,-0.4698846459377885,-0.906346600181363,0.6874010917625916,0.23147481667331624,-0.3175911104958011,0.107885800350145,0.369724332044522,0.4915393491586049,0.5585480142482845,0.5560662772274156
2023-07-31,-0.8733397056955604,0.08857528052627879,0.6857513950137969,0.6368061689964079,-0.2897727326371131,0.7250604624513478,-1.4102376786529245,-1.5465027536330929,1.0003024105217777,0.6689983084377338,-0.46001193920001376,0.09528857934979511,0.6680173774560293,0.7027840912342072,0.8412807107611968,0.8450190444591231
2023-08-31,-0.7528971224064523,0.22895449279373073,0.6289087002175959,0.4399722825045161,-0.39815363038828283,0.7945064749249907,-1.9245099832631969,-1.8792812067111264,1.3472767965932746,1.0747614892510071,-0.4694948328473505,0.21661063653285673,0.9600129127502441,0.9596760670344034,1.1146486824571666,1.1234137981996153
2023-09-30,-0.6002767260316543,0.09653989620050289,0.6390181085444278,0.19306261182643256,-0.4352965623877531,0.6681568389741818,-1.9756615856455735,-2.0934977598720255,1.5236113943548313,1.2979998160416282,-0.4254347952960463,0.5300004203568366,1.1989068587621052,1.1819497346878052,1.3380731156324561,1.34991771968154
2023-10-31,-0.5013864698628548,-0.1275468399970974,0.8172259332928711,-0.0460347767616782,-0.6315930478329211,0.5365714271557124,-1.9625611417390483,-2.1083524835061915,1.6307457424136895,1.3403990010964366,-0.41203355787636137,0.7217268143479482,1.4568967819213867,1.4305495818456013,1.5348906443337167,1.5439451953583614
2023-11-30,-0.4853542887070971,-0.22345494238073385,0.9989399625475576,-0.3295369976701876,-0.6659848779323689,0.4728336085698761,-2.1286107674148975,-2.0795248317587656,1.7821709604745062,1.3950733595686957,-0.561047456610629,0.7779415440213753,1.02801497032245,1.6498109896977742,1.6856913550813957,1.7151201315291935
2023-12-31,-0.5086032629449264,-0.20483063790798095,1.0608985453171147,-0.4579389574491776,-0.872406762907063,0.5071892132307326,-2.300110895865037,-2.0531758784555043,2.001778437285276,1.4753129617111587,-0.6999824393570265,0.781069542571187,0.5967183833320936,1.8638914823532104,1.8028740483263288,1.8760339791273164
